Nama_File;GLCM_Kontras;GLCM_Homogenitas;GLCM_Energi;GLCM_Korelasi;Rasio_Coklat;Rasio_Lubang;Jumlah_Lubang;Label
Sehat1.jpg;5.624.394.158.684.350;0.616397742904808;0.39675412173175467;0.9916621224303022;0.01373291015625;0.0;0.0;1
Sehat10.jpg;53.318.751.194.793.500;0.6898440500787428;0.5863406950281274;0.9907624183274337;0.00164794921875;0.0;0.0;1
Sehat100.jpg;59.198.135.604.606.900;0.5594799676683843;0.32347221790271885;0.9911027768609909;0.0025634765625;0.0;0.0;1
Sehat101.jpg;4.756.368.882.008.770;0.5618004226312312;0.32369617278477103;0.9928553700949726;0.00274658203125;0.0;0.0;1
Sehat102.jpg;5.924.963.752.531.910;0.5596035061709999;0.3230084709851094;0.9910974052307601;0.00274658203125;0.0;0.0;1
Sehat103.jpg;4.571.378.885.987.060;0.6138330917907124;0.4164331983659455;0.9935528988195119;0.00067138671875;0.0;0.0;1
Sehat104.jpg;6.417.271.377.772.150;0.6092375679881131;0.41524198622554076;0.9909482985113677;0.00067138671875;0.0;0.0;1
Sehat105.jpg;4.577.186.295.518.550;0.6123112663800795;0.41632491119079656;0.9935450657862613;0.0006103515625;0.0;0.0;1
Sehat106.jpg;6.419.912.647.637.990;0.6078971944822354;0.415257679412435;0.9909450877433561;0.0006103515625;0.0;0.0;1
Sehat107.jpg;4.669.572.938.625.020;0.6495024865393183;0.484160948860723;0.9935963938791151;0.00054931640625;0.0;0.0;1
Sehat108.jpg;5.882.485.497.783.460;0.6486204303956294;0.4833774506642992;0.9919338061530986;0.00054931640625;0.0;0.0;1
Sehat109.jpg;5.366.183.566.221.470;0.6192040163587803;0.41348592338135476;0.9937217518141312;0.0023193359375;0.0;0.0;1
Sehat11.jpg;4.773.004.564.759.080;0.6518990937442403;0.5434022907603694;0.9909765002947383;0.0015869140625;0.0;0.0;1
Sehat110.jpg;6.279.842.193.538.760;0.6156314256540527;0.41318279153689597;0.9926525350738274;0.0023193359375;0.0;0.0;1
Sehat111.jpg;5.275.125.792.439.110;0.64726773502153;0.4615011725808891;0.9935943580170917;0.000732421875;0.0;0.0;1
Sehat112.jpg;62.071.653.898.516.200;0.6452053345351736;0.46124324107387116;0.9924627854899698;0.000732421875;0.0;0.0;1
Sehat113.jpg;5.277.125.425.605.050;0.648331242586095;0.4615267067996734;0.9935919818367127;0.00103759765625;0.0;0.0;1
Sehat114.jpg;6.213.017.297.388.780;0.6451209518779611;0.46120675943391465;0.9924557412940483;0.00103759765625;0.0;0.0;1
Sehat115.jpg;5.459.375.823.439.120;0.6442016639358842;0.4780379313538425;0.9937826288308381;0.00201416015625;0.0;0.0;1
Sehat116.jpg;6.467.514.373.049.530;0.6438739278495281;0.47751831695957075;0.9926349755927171;0.00201416015625;0.0;0.0;1
Sehat117.jpg;5.460.340.555.056.080;0.6441169336563867;0.47704247575335296;0.9937811378370621;0.00213623046875;0.0;0.0;1
Sehat118.jpg;6.463.870.428.782.500;0.6446380443881868;0.4766263236171437;0.9926386595626382;0.00213623046875;0.0;0.0;1
Sehat119.jpg;5.194.788.179.159.660;0.6723406488996148;0.49933274961069785;0.993103098608629;0.00140380859375;0.0;0.0;1
Sehat12.jpg;3.844.501.041.085.390;0.6573755159100626;0.5441703045698417;0.9927302164568482;0.0015869140625;0.0;0.0;1
Sehat120.jpg;60.480.297.523.094.600;0.6706124064135998;0.499263479302223;0.9919708153982635;0.00140380859375;0.0;0.0;1
Sehat121.jpg;51.998.848.799.780.700;0.67178834515005;0.5018951255754746;0.9930980187022667;0.00140380859375;0.0;0.0;1
Sehat122.jpg;606.663.421.347.672;0.6705350804100766;0.5017846649634189;0.9919480876945025;0.00140380859375;0.0;0.0;1
Sehat123.jpg;4.905.319.142.409.090;0.6705627787445226;0.5037173896200197;0.993266170548316;0.00262451171875;0.0;0.0;1
Sehat124.jpg;60.206.393.730.495.200;0.669481418401956;0.5031756296146367;0.9917360699753104;0.00262451171875;0.0;0.0;1
Sehat125.jpg;49.118.395.049.289.800;0.6708185311914869;0.5055929164048596;0.9932601865229017;0.00262451171875;0.0;0.0;1
Sehat126.jpg;60.298.464.076.094.300;0.66970098724586;0.5049904559032942;0.9917270782550119;0.00262451171875;0.0;0.0;1
Sehat127.jpg;6.168.368.166.424.060;0.4153606519285633;0.13298010239409688;0.9874790247823596;0.00146484375;0.0;0.0;1
Sehat128.jpg;342.681.361.664.815;0.42227254454882585;0.13409968894577953;0.993062341174432;0.00146484375;0.0;0.0;1
Sehat129.jpg;6.164.275.528.551.290;0.41479035805912434;0.13321910322706743;0.9874874346750667;0.00152587890625;0.0;0.0;1
Sehat13.jpg;3.647.675.625.038.740;0.6630293271704046;0.542339335645508;0.9936316838113924;0.00384521484375;0.0;0.0;1
Sehat130.jpg;3.433.597.867.195.810;0.42242833640188904;0.1343805365211821;0.9930485547997906;0.00152587890625;0.0;0.0;1
Sehat131.jpg;6.168.368.166.424.060;0.4153606519285633;0.13298010239409688;0.9874790247823596;0.00146484375;0.0;0.0;1
Sehat132.jpg;342.681.361.664.815;0.42227254454882585;0.13409968894577953;0.993062341174432;0.00146484375;0.0;0.0;1
Sehat133.jpg;6.164.275.528.551.290;0.41479035805912434;0.13321910322706743;0.9874874346750667;0.00152587890625;0.0;0.0;1
Sehat134.jpg;3.433.597.867.195.810;0.42242833640188904;0.1343805365211821;0.9930485547997906;0.00152587890625;0.0;0.0;1
Sehat135.jpg;9.730.107.631.569.820;0.4653422628437742;0.27914009026315867;0.9839472770428839;0.0010986328125;0.0;0.0;1
Sehat136.jpg;7.247.630.933.282.920;0.4730155010915183;0.2800457307267626;0.988049138181531;0.0010986328125;0.0;0.0;1
Sehat137.jpg;9.739.890.137.072.350;0.4655324934521414;0.27837187400184216;0.9839349268656794;0.00146484375;0.0;0.0;1
Sehat138.jpg;725.358.183.112.223;0.4730483579052345;0.279260591469451;0.9880421346041288;0.00146484375;0.0;0.0;1
Sehat139.jpg;9.730.107.631.569.820;0.4653422628437742;0.27914009026315867;0.9839472770428839;0.0010986328125;0.0;0.0;1
Sehat14.jpg;588.554.620.494.655;0.6955362057271629;0.5837895448463951;0.9904562885071228;0.00274658203125;0.0;0.0;1
Sehat140.jpg;7.247.630.933.282.920;0.4730155010915183;0.2800457307267626;0.988049138181531;0.0010986328125;0.0;0.0;1
Sehat141.jpg;9.739.890.137.072.350;0.4655324934521414;0.27837187400184216;0.9839349268656794;0.00146484375;0.0;0.0;1
Sehat142.jpg;725.358.183.112.223;0.4730483579052345;0.279260591469451;0.9880421346041288;0.00146484375;0.0;0.0;1
Sehat143.jpg;6.958.921.559.510.060;0.3962800867653704;0.12249525834023324;0.9861523733794736;0.0023193359375;0.0096435546875;3.0;1
Sehat144.jpg;3.628.053.764.440.940;0.4056708074041721;0.12351029040511607;0.9928041715406937;0.0023193359375;0.0096435546875;3.0;1
Sehat145.jpg;6.951.001.188.981.810;0.39638136699828314;0.12169454113391705;0.9861669551121796;0.002197265625;0.01031494140625;2.0;1
Sehat146.jpg;3.623.299.533.578.300;0.40626935527517477;0.12267680125128448;0.9928130182106525;0.002197265625;0.01031494140625;2.0;1
Sehat147.jpg;6.958.921.559.510.060;0.3962800867653704;0.12249525834023324;0.9861523733794736;0.0023193359375;0.0096435546875;3.0;1
Sehat148.jpg;3.628.053.764.440.940;0.4056708074041721;0.12351029040511607;0.9928041715406937;0.0023193359375;0.0096435546875;3.0;1
Sehat149.jpg;6.951.001.188.981.810;0.39638136699828314;0.12169454113391705;0.9861669551121796;0.002197265625;0.01031494140625;2.0;1
Sehat15.jpg;4.927.080.976.036.910;0.7412316321593674;0.6497761343540024;0.9915596306207948;0.00146484375;0.0;0.0;1
Sehat150.jpg;3.623.299.533.578.300;0.40626935527517477;0.12267680125128448;0.9928130182106525;0.002197265625;0.01031494140625;2.0;1
Sehat151.jpg;7.408.837.843.196.810;0.3879085570377192;0.12490659711269048;0.9848287352066142;0.0010986328125;0.0008544921875;1.0;1
Sehat152.jpg;36.801.524.524.924.800;0.3986209126417284;0.12605001021453696;0.9924897130498459;0.0010986328125;0.0008544921875;1.0;1
Sehat153.jpg;7.400.147.282.586.500;0.38784366534079046;0.12465770185506216;0.9848473611229364;0.00115966796875;0.0006103515625;1.0;1
Sehat154.jpg;3.677.934.704.827.820;0.39830403456399877;0.12584038209549575;0.992494620697653;0.00115966796875;0.0006103515625;1.0;1
Sehat155.jpg;7.408.837.843.196.810;0.3879085570377192;0.12490659711269048;0.9848287352066142;0.0010986328125;0.0008544921875;1.0;1
Sehat156.jpg;36.801.524.524.924.800;0.3986209126417284;0.12605001021453696;0.9924897130498459;0.0010986328125;0.0008544921875;1.0;1
Sehat157.jpg;7.400.147.282.586.500;0.38784366534079046;0.12465770185506216;0.9848473611229364;0.00115966796875;0.0006103515625;1.0;1
Sehat158.jpg;3.677.934.704.827.820;0.39830403456399877;0.12584038209549575;0.992494620697653;0.00115966796875;0.0006103515625;1.0;1
Sehat159.jpg;7.718.529.237.579.600;0.3844340186705866;0.1266949795254477;0.9835949684144433;0.0010986328125;0.0;0.0;1
Sehat16.jpg;4.697.849.984.241.600;0.7417650775560692;0.6499002001021887;0.9919518434482751;0.00146484375;0.0;0.0;1
Sehat160.jpg;3.729.482.592.819.430;0.3978232803096781;0.12806344966098396;0.9920987879929553;0.0010986328125;0.0;0.0;1
Sehat161.jpg;771.462.339.122.625;0.3846666510633583;0.12688239264847279;0.9836023974259466;0.0008544921875;0.0;0.0;1
Sehat162.jpg;3.729.015.815.844.210;0.39772068384998627;0.128129166254085;0.9920993345820639;0.0008544921875;0.0;0.0;1
Sehat163.jpg;7.718.529.237.579.600;0.3844340186705866;0.1266949795254477;0.9835949684144433;0.0010986328125;0.0;0.0;1
Sehat164.jpg;3.729.482.592.819.430;0.3978232803096781;0.12806344966098396;0.9920987879929553;0.0010986328125;0.0;0.0;1
Sehat165.jpg;771.462.339.122.625;0.3846666510633583;0.12688239264847279;0.9836023974259466;0.0008544921875;0.0;0.0;1
Sehat166.jpg;3.729.015.815.844.210;0.39772068384998627;0.128129166254085;0.9920993345820639;0.0008544921875;0.0;0.0;1
Sehat167.jpg;7.286.325.711.193.330;0.3776436786333641;0.11479427803165083;0.9830725654248508;0.0015869140625;0.0;0.0;1
Sehat168.jpg;3.481.533.101.607.910;0.39151319177911165;0.11613187272343665;0.9919391600730463;0.0015869140625;0.0;0.0;1
Sehat169.jpg;7.297.433.049.553.850;0.37795710044419134;0.11517230284405978;0.9830468008334398;0.00140380859375;0.0;0.0;1
Sehat17.jpg;44.972.133.527.601.900;0.48756855480411104;0.17802874911581812;0.9934049115784854;0.0030517578125;0.0;0.0;1
Sehat170.jpg;34.890.237.660.684.200;0.39064272553218427;0.1165898172267304;0.9919217792385866;0.00140380859375;0.0;0.0;1
Sehat171.jpg;7.286.325.711.193.330;0.3776436786333641;0.11479427803165083;0.9830725654248508;0.0015869140625;0.0;0.0;1
Sehat172.jpg;3.481.533.101.607.910;0.39151319177911165;0.11613187272343665;0.9919391600730463;0.0015869140625;0.0;0.0;1
Sehat173.jpg;7.297.433.049.553.850;0.37795710044419134;0.11517230284405978;0.9830468008334398;0.00140380859375;0.0;0.0;1
Sehat174.jpg;34.890.237.660.684.200;0.39064272553218427;0.1165898172267304;0.9919217792385866;0.00140380859375;0.0;0.0;1
Sehat175.jpg;7.444.098.443.926.300;0.37417015936007053;0.114230275634083;0.9826553572574186;0.000732421875;0.0;0.0;1
Sehat176.jpg;35.313.098.850.156.600;0.3882020629160328;0.11549997934102373;0.9918013277813099;0.000732421875;0.0;0.0;1
Sehat177.jpg;7.451.953.795.053.660;0.37300122944303954;0.11381583004407758;0.9826324145223593;0.00091552734375;0.0;0.0;1
Sehat178.jpg;35.357.552.293.230.100;0.38597826454131107;0.11501091202691337;0.991788773301184;0.00091552734375;0.0;0.0;1
Sehat179.jpg;7.444.098.443.926.300;0.37417015936007053;0.114230275634083;0.9826553572574186;0.000732421875;0.0;0.0;1
Sehat18.jpg;7.114.759.387.852.540;0.4850353696292901;0.17729441033516213;0.9895534414718453;0.0030517578125;0.0;0.0;1
Sehat180.jpg;35.313.098.850.156.600;0.3882020629160328;0.11549997934102373;0.9918013277813099;0.000732421875;0.0;0.0;1
Sehat181.jpg;7.451.953.795.053.660;0.37300122944303954;0.11381583004407758;0.9826324145223593;0.00091552734375;0.0;0.0;1
Sehat182.jpg;35.357.552.293.230.100;0.38597826454131107;0.11501091202691337;0.991788773301184;0.00091552734375;0.0;0.0;1
Sehat183.jpg;7.955.463.970.824.080;0.36413174696236505;0.11602602539597583;0.9826342082720427;0.001220703125;0.00030517578125;1.0;1
Sehat184.jpg;3.880.423.154.075.550;0.3785540555688513;0.11716813140993136;0.991556230762817;0.001220703125;0.00030517578125;1.0;1
Sehat185.jpg;7.941.390.362.468.520;0.3647280603417203;0.1162487836204691;0.982668019536617;0.00115966796875;0.00030517578125;1.0;1
Sehat186.jpg;38.727.272.918.088.300;0.37876329953928645;0.11749110619656346;0.9915745022829588;0.00115966796875;0.00030517578125;1.0;1
Sehat187.jpg;7.955.463.970.824.080;0.36413174696236505;0.11602602539597583;0.9826342082720427;0.001220703125;0.00030517578125;1.0;1
Sehat188.jpg;3.880.423.154.075.550;0.3785540555688513;0.11716813140993136;0.991556230762817;0.001220703125;0.00030517578125;1.0;1
Sehat189.jpg;7.941.390.362.468.520;0.3647280603417203;0.1162487836204691;0.982668019536617;0.00115966796875;0.00030517578125;1.0;1
Sehat19.jpg;49.477.415.163.165.500;0.4837131434544686;0.19014890001127674;0.9932215573739903;0.0048828125;0.00238037109375;2.0;1
Sehat190.jpg;38.727.272.918.088.300;0.37876329953928645;0.11749110619656346;0.9915745022829588;0.00115966796875;0.00030517578125;1.0;1
Sehat191.jpg;735.093.634.718.548;0.36665434123955604;0.11928924379180757;0.9845224407672419;0.000732421875;0.0;0.0;1
Sehat192.jpg;3.701.028.314.035.870;0.37932888966489425;0.12034116017933756;0.9922308779459846;0.000732421875;0.0;0.0;1
Sehat193.jpg;7.359.496.174.721.800;0.3675169547118908;0.1190626229233867;0.984504497458159;0.00079345703125;0.0;0.0;1
Sehat194.jpg;37.076.103.376.165.900;0.3783194927699358;0.1201540047822346;0.9922170704145746;0.00079345703125;0.0;0.0;1
Sehat195.jpg;735.093.634.718.548;0.36665434123955604;0.11928924379180757;0.9845224407672419;0.000732421875;0.0;0.0;1
Sehat196.jpg;3.701.028.314.035.870;0.37932888966489425;0.12034116017933756;0.9922308779459846;0.000732421875;0.0;0.0;1
Sehat197.jpg;7.359.496.174.721.800;0.3675169547118908;0.1190626229233867;0.984504497458159;0.00079345703125;0.0;0.0;1
Sehat198.jpg;37.076.103.376.165.900;0.3783194927699358;0.1201540047822346;0.9922170704145746;0.00079345703125;0.0;0.0;1
Sehat199.jpg;10.123.587.430.508.600;0.38002702170687624;0.14533673037788053;0.9813828620553248;0.0010986328125;0.0;0.0;1
Sehat2.jpg;51.070.461.526.339.400;0.7570558661540604;0.6689041531952937;0.9894423645250715;0.0133056640625;0.0;0.0;1
Sehat20.jpg;7.709.026.572.220.250;0.48721414160426074;0.1889802281079237;0.9894271411759297;0.0048828125;0.00238037109375;2.0;1
Sehat200.jpg;6.540.687.064.707.630;0.3900930327789463;0.14642512347933934;0.9879935406111656;0.0010986328125;0.0;0.0;1
Sehat201.jpg;10.132.848.682.885.200;0.37826693674577144;0.1449523328922165;0.9813640602041337;0.0008544921875;0.0;0.0;1
Sehat202.jpg;6.544.370.372.595.080;0.38928059027769324;0.14620575628395405;0.9879856412498048;0.0008544921875;0.0;0.0;1
Sehat203.jpg;10.123.587.430.508.600;0.38002702170687624;0.14533673037788053;0.9813828620553248;0.0010986328125;0.0;0.0;1
Sehat204.jpg;6.540.687.064.707.630;0.3900930327789463;0.14642512347933934;0.9879935406111656;0.0010986328125;0.0;0.0;1
Sehat205.jpg;10.132.848.682.885.200;0.37826693674577144;0.1449523328922165;0.9813640602041337;0.0008544921875;0.0;0.0;1
Sehat206.jpg;6.544.370.372.595.080;0.38928059027769324;0.14620575628395405;0.9879856412498048;0.0008544921875;0.0;0.0;1
Sehat207.jpg;9.510.365.597.294.100;0.3689549226580846;0.12857474212909933;0.9805460600884602;0.00091552734375;0.0;0.0;1
Sehat208.jpg;5.716.280.409.123.450;0.3787966952799779;0.12962269225496417;0.9883348057567325;0.00091552734375;0.0;0.0;1
Sehat209.jpg;9.490.382.327.640.050;0.3690079001609523;0.12894505787812668;0.9805898956570488;0.00079345703125;0.0;0.0;1
Sehat21.jpg;4.210.762.446.525.040;0.500780023837445;0.1686177435755802;0.9941727898883931;0.0020751953125;0.0;0.0;1
Sehat210.jpg;57.074.860.951.806.600;0.3787220992622074;0.13008101865673535;0.9883544873239728;0.00079345703125;0.0;0.0;1
Sehat211.jpg;9.510.365.597.294.100;0.3689549226580846;0.12857474212909933;0.9805460600884602;0.00091552734375;0.0;0.0;1
Sehat212.jpg;5.716.280.409.123.450;0.3787966952799779;0.12962269225496417;0.9883348057567325;0.00091552734375;0.0;0.0;1
Sehat213.jpg;9.490.382.327.640.050;0.3690079001609523;0.12894505787812668;0.9805898956570488;0.00079345703125;0.0;0.0;1
Sehat214.jpg;57.074.860.951.806.600;0.3787220992622074;0.13008101865673535;0.9883544873239728;0.00079345703125;0.0;0.0;1
Sehat215.jpg;863.705.905.641.015;0.3669072622380776;0.12267210645374654;0.9811857798556246;0.0032958984375;0.0;0.0;1
Sehat216.jpg;4.704.019.190.330.150;0.37799950683407185;0.12386936158645612;0.9897796793418233;0.0032958984375;0.0;0.0;1
Sehat217.jpg;860.467.288.799.198;0.3675221017180617;0.12252634593353762;0.9812471867272761;0.00335693359375;0.0;0.0;1
Sehat218.jpg;4.687.232.253.110.450;0.37800191859737037;0.12371098935093301;0.9898111384781969;0.00335693359375;0.0;0.0;1
Sehat219.jpg;863.705.905.641.015;0.3669072622380776;0.12267210645374654;0.9811857798556246;0.0032958984375;0.0;0.0;1
Sehat22.jpg;6.818.838.576.219.260;0.49624452520803247;0.1675482402539039;0.9905555062098199;0.0020751953125;0.0;0.0;1
Sehat220.jpg;4.704.019.190.330.150;0.37799950683407185;0.12386936158645612;0.9897796793418233;0.0032958984375;0.0;0.0;1
Sehat221.jpg;860.467.288.799.198;0.3675221017180617;0.12252634593353762;0.9812471867272761;0.00335693359375;0.0;0.0;1
Sehat222.jpg;4.687.232.253.110.450;0.37800191859737037;0.12371098935093301;0.9898111384781969;0.00335693359375;0.0;0.0;1
Sehat223.jpg;8.897.305.368.048.580;0.42411985124339285;0.13917620192346383;0.9824158480369491;0.00067138671875;0.0;0.0;1
Sehat224.jpg;55.418.669.238.381.500;0.435242285018784;0.1402218983649838;0.9890754273023054;0.00067138671875;0.0;0.0;1
Sehat225.jpg;8.891.173.555.784.970;0.4254258070171819;0.13786495879914418;0.98242240283943;0.00054931640625;0.0;0.0;1
Sehat226.jpg;55.396.741.861.193.500;0.43619709918937316;0.13897672336959868;0.9890762255757468;0.00054931640625;0.0;0.0;1
Sehat227.jpg;8.897.305.368.048.580;0.42411985124339285;0.13917620192346383;0.9824158480369491;0.00067138671875;0.0;0.0;1
Sehat228.jpg;55.418.669.238.381.500;0.435242285018784;0.1402218983649838;0.9890754273023054;0.00067138671875;0.0;0.0;1
Sehat229.jpg;8.891.173.555.784.970;0.4254258070171819;0.13786495879914418;0.98242240283943;0.00054931640625;0.0;0.0;1
Sehat23.jpg;9.311.874.396.144.950;0.6036017007994818;0.3864895052168306;0.9916759690026428;0.00335693359375;0.026123046875;2.0;1
Sehat230.jpg;55.396.741.861.193.500;0.43619709918937316;0.13897672336959868;0.9890762255757468;0.00054931640625;0.0;0.0;1
Sehat231.jpg;8.520.946.144.496.830;0.43346518457327554;0.1489051691107733;0.9837481145269993;0.0001220703125;0.0;0.0;1
Sehat232.jpg;5.320.625.810.522.590;0.44275059485499185;0.1499999930477971;0.9898772373025205;0.0001220703125;0.0;0.0;1
Sehat233.jpg;8.527.322.824.958.500;0.4332412199489162;0.14849373844498723;0.9837395310851006;0.0;0.0;0.0;1
Sehat234.jpg;53.225.674.154.474.700;0.44214411621106153;0.14961157510090653;0.9898757700554611;0.0;0.0;0.0;1
Sehat235.jpg;8.520.946.144.496.830;0.43346518457327554;0.1489051691107733;0.9837481145269993;0.0001220703125;0.0;0.0;1
Sehat236.jpg;5.320.625.810.522.590;0.44275059485499185;0.1499999930477971;0.9898772373025205;0.0001220703125;0.0;0.0;1
Sehat237.jpg;8.527.322.824.958.500;0.4332412199489162;0.14849373844498723;0.9837395310851006;0.0;0.0;0.0;1
Sehat238.jpg;53.225.674.154.474.700;0.44214411621106153;0.14961157510090653;0.9898757700554611;0.0;0.0;0.0;1
Sehat239.jpg;8.519.452.651.926.500;0.42123357508521425;0.1475382233242279;0.9832459637780714;6,10E+04;0.0;0.0;1
Sehat24.jpg;7.045.451.322.152.870;0.6026337518772872;0.38619610412278643;0.9937028973178011;0.00347900390625;0.025360107421875;1.0;1
Sehat240.jpg;50.420.248.304.039.600;0.43133309327098174;0.14864488872435977;0.9901109904064286;6,10E+04;0.0;0.0;1
Sehat241.jpg;8.514.566.267.153.710;0.42119753669988397;0.14831270305049227;0.983257980993374;0.0;0.0;0.0;1
Sehat242.jpg;50.357.207.094.623.800;0.43216242464270405;0.14948668066244356;0.9901248034791834;0.0;0.0;0.0;1
Sehat243.jpg;8.519.452.651.926.500;0.42123357508521425;0.1475382233242279;0.9832459637780714;6,10E+04;0.0;0.0;1
Sehat244.jpg;50.420.248.304.039.600;0.43133309327098174;0.14864488872435977;0.9901109904064286;6,10E+04;0.0;0.0;1
Sehat245.jpg;8.514.566.267.153.710;0.42119753669988397;0.14831270305049227;0.983257980993374;0.0;0.0;0.0;1
Sehat246.jpg;50.357.207.094.623.800;0.43216242464270405;0.14948668066244356;0.9901248034791834;0.0;0.0;0.0;1
Sehat247.jpg;8.354.679.540.088.580;0.4226239392117191;0.1538706969617296;0.9832612280311136;0.00189208984375;0.0;0.0;1
Sehat248.jpg;4.329.941.490.612.250;0.43499719505940365;0.15517027278057885;0.9913505980414499;0.00189208984375;0.0;0.0;1
Sehat249.jpg;8.348.724.670.366.310;0.42383585771587234;0.15374239497732234;0.9832688098990023;0.001708984375;0.0;0.0;1
Sehat25.jpg;930.340.903.806.841;0.6035866305914487;0.38549465114398695;0.9916836531850279;0.00347900390625;0.025360107421875;1.0;1
Sehat250.jpg;4.325.203.889.991.210;0.43743710476404013;0.1549902403540597;0.9913578471226279;0.001708984375;0.0;0.0;1
Sehat251.jpg;8.354.679.540.088.580;0.4226239392117191;0.1538706969617296;0.9832612280311136;0.00189208984375;0.0;0.0;1
Sehat252.jpg;4.329.941.490.612.250;0.43499719505940365;0.15517027278057885;0.9913505980414499;0.00189208984375;0.0;0.0;1
Sehat253.jpg;8.348.724.670.366.310;0.42383585771587234;0.15374239497732234;0.9832688098990023;0.001708984375;0.0;0.0;1
Sehat254.jpg;4.325.203.889.991.210;0.43743710476404013;0.1549902403540597;0.9913578471226279;0.001708984375;0.0;0.0;1
Sehat255.jpg;7.029.621.544.139.180;0.4402424545518071;0.15608172079218693;0.9850067770170777;0.0;0.0;0.0;1
Sehat256.jpg;3.335.933.156.762.200;0.4549696687490514;0.15750748750936047;0.9929078723920678;0.0;0.0;0.0;1
Sehat257.jpg;7.017.240.151.668.050;0.44058112460777327;0.15590935995921076;0.9850271040641552;6,10E+04;0.0;0.0;1
Sehat258.jpg;33.304.544.447.631.100;0.4565098483516658;0.15725469194096808;0.9929166578769903;6,10E+04;0.0;0.0;1
Sehat259.jpg;7.029.621.544.139.180;0.4402424545518071;0.15608172079218693;0.9850067770170777;0.0;0.0;0.0;1
Sehat26.jpg;734.402.885.524.543;0.6229707818824696;0.42985838839990503;0.9935420338785163;0.00262451171875;0.0164794921875;2.0;1
Sehat260.jpg;3.335.933.156.762.200;0.4549696687490514;0.15750748750936047;0.9929078723920678;0.0;0.0;0.0;1
Sehat261.jpg;7.017.240.151.668.050;0.44058112460777327;0.15590935995921076;0.9850271040641552;6,10E+04;0.0;0.0;1
Sehat262.jpg;33.304.544.447.631.100;0.4565098483516658;0.15725469194096808;0.9929166578769903;6,10E+04;0.0;0.0;1
Sehat263.jpg;7.361.970.496.337.120;0.44199153691118226;0.1607509776102288;0.9853805786801823;0.00048828125;0.0;0.0;1
Sehat264.jpg;35.218.378.160.715.300;0.45885564957401065;0.16220047732243972;0.9930261901268378;0.00048828125;0.0;0.0;1
Sehat265.jpg;7.368.423.853.514.670;0.44253683801796245;0.16140798680922178;0.9853682069281632;0.00067138671875;0.0;0.0;1
Sehat266.jpg;3.522.642.961.952.650;0.46003263101035463;0.16288046453008412;0.9930248346827105;0.00067138671875;0.0;0.0;1
Sehat267.jpg;7.361.970.496.337.120;0.44199153691118226;0.1607509776102288;0.9853805786801823;0.00048828125;0.0;0.0;1
Sehat268.jpg;35.218.378.160.715.300;0.45885564957401065;0.16220047732243972;0.9930261901268378;0.00048828125;0.0;0.0;1
Sehat269.jpg;7.368.423.853.514.670;0.44253683801796245;0.16140798680922178;0.9853682069281632;0.00067138671875;0.0;0.0;1
Sehat27.jpg;9.563.257.160.368.760;0.6236068601607391;0.42915509800406043;0.9915897566233127;0.00262451171875;0.0164794921875;2.0;1
Sehat270.jpg;3.522.642.961.952.650;0.46003263101035463;0.16288046453008412;0.9930248346827105;0.00067138671875;0.0;0.0;1
Sehat271.jpg;7.324.958.311.375.270;0.4343946994897692;0.15569875387328366;0.9861527841127301;6,10E+04;0.0;0.0;1
Sehat272.jpg;34.798.883.545.684.400;0.4529566159375163;0.15709726716503922;0.9934411792635466;6,10E+04;0.0;0.0;1
Sehat273.jpg;7.341.929.666.672.150;0.4346161459805566;0.15716283108517515;0.9861232395451497;0.0001220703125;0.0;0.0;1
Sehat274.jpg;34.873.404.304.101;0.45401492479782113;0.15868026745954525;0.9934283282161749;0.0001220703125;0.0;0.0;1
Sehat275.jpg;7.324.958.311.375.270;0.4343946994897692;0.15569875387328366;0.9861527841127301;6,10E+04;0.0;0.0;1
Sehat276.jpg;34.798.883.545.684.400;0.4529566159375163;0.15709726716503922;0.9934411792635466;6,10E+04;0.0;0.0;1
Sehat277.jpg;7.341.929.666.672.150;0.4346161459805566;0.15716283108517515;0.9861232395451497;0.0001220703125;0.0;0.0;1
Sehat278.jpg;34.873.404.304.101;0.45401492479782113;0.15868026745954525;0.9934283282161749;0.0001220703125;0.0;0.0;1
Sehat279.jpg;3.714.798.186.367.260;0.4716574242745814;0.20116233479096213;0.9906570192641494;0.00274658203125;0.0;0.0;1
Sehat28.jpg;7.340.014.234.195.330;0.6235108227866016;0.42926373387223893;0.9935445554624119;0.0025634765625;0.0201416015625;2.0;1
Sehat280.jpg;7.474.242.662.027.220;0.45683008649829926;0.19936906913595123;0.9811576237376216;0.0028076171875;0.0;0.0;1
Sehat281.jpg;3.707.159.270.568.600;0.471718126003227;0.20006875596823878;0.9906734420396948;0.002685546875;0.0;0.0;1
Sehat282.jpg;748.294.428.255.549;0.4558755620128719;0.2003991048251692;0.9811387731248676;0.0029296875;0.0;0.0;1
Sehat283.jpg;3.294.173.312.305.010;0.45901317722998525;0.17433287230329061;0.9917485203539442;0.0015869140625;0.0;0.0;1
Sehat284.jpg;6.784.853.418.144.550;0.44344871321466073;0.17200438783214422;0.982948006295444;0.00146484375;0.0;0.0;1
Sehat285.jpg;328.518.011.358.945;0.4604718181588085;0.1739265438953812;0.991766580137733;0.00164794921875;0.0;0.0;1
Sehat286.jpg;6.784.908.427.108.750;0.44247030089188644;0.17305946353022308;0.9829615482732215;0.00177001953125;0.0;0.0;1
Sehat287.jpg;3.580.705.916.620.240;0.46567206805714845;0.18238144966211003;0.9915789138803154;0.00146484375;0.0;0.0;1
Sehat288.jpg;7.337.368.508.070.610;0.44984931196689965;0.1816081302286319;0.9827080306856896;0.00152587890625;0.0;0.0;1
Sehat289.jpg;3.584.199.833.503.900;0.4667485937250409;0.1832426277194457;0.9915731102828369;0.00146484375;0.0;0.0;1
Sehat29.jpg;8.096.570.311.369.850;0.6462071998437796;0.4688514082481647;0.9929721624780714;0.0023193359375;0.014892578125;3.0;1
Sehat290.jpg;7.335.665.958.832.180;0.4475758429389926;0.18153295963815022;0.9827089266052677;0.00164794921875;0.0;0.0;1
Sehat291.jpg;4.864.763.262.859.970;0.527837553032794;0.28503640998519403;0.9894898667554841;0.00299072265625;0.0;0.0;1
Sehat292.jpg;7.069.499.103.581.760;0.5189195045769243;0.2825349033263989;0.9847157530684223;0.00299072265625;0.0;0.0;1
Sehat293.jpg;48.637.729.884.835.800;0.5274137198479444;0.2839219002483136;0.9894917192354677;0.00323486328125;0.0;0.0;1
Sehat294.jpg;707.427.259.646.207;0.5190820872027099;0.28319870930145724;0.9847071809436881;0.00299072265625;0.0;0.0;1
Sehat295.jpg;48.389.866.628.692.800;0.49378911541778736;0.22693082287293087;0.9888785832529517;0.0050048828125;0.0;0.0;1
Sehat296.jpg;7.341.741.841.817.280;0.4868675078915174;0.22878916955606898;0.9831143706484857;0.00531005859375;0.0;0.0;1
Sehat297.jpg;4.839.224.749.803.770;0.49433594018891425;0.2292261959015349;0.9888790055824979;0.0050048828125;0.0;0.0;1
Sehat298.jpg;7.335.838.041.468.020;0.4873021457588685;0.22695591897967118;0.983124980967665;0.005126953125;0.0;0.0;1
Sehat299.jpg;4.794.994.006.654.800;0.5053685685323223;0.24447150543938587;0.9891557437757831;0.00433349609375;0.0;0.0;1
Sehat3.jpg;4.706.632.818.473.940;0.7609013290267631;0.6691773042331582;0.9902693221912573;0.0133056640625;0.0;0.0;1
Sehat30.jpg;8.237.525.106.821.110;0.6476860373628569;0.4688573629796484;0.9928498501008846;0.0023193359375;0.014892578125;3.0;1
Sehat300.jpg;7.220.350.410.492.730;0.49850427262587765;0.24299432829540946;0.9836493400513534;0.00439453125;0.0;0.0;1
Sehat301.jpg;4.794.334.318.877.080;0.506857617238388;0.2435972724229751;0.9891500459065382;0.00457763671875;0.0;0.0;1
Sehat302.jpg;7.224.348.804.947.860;0.49660660129232603;0.2443319356148468;0.9836493533206611;0.004150390625;0.0;0.0;1
Sehat303.jpg;4.848.934.808.807.220;0.4869589437767365;0.21514197652744524;0.9882816565600795;0.00628662109375;0.0;0.0;1
Sehat304.jpg;7.399.857.125.235.350;0.47873994199527486;0.213294589194683;0.9820950809430786;0.00579833984375;0.0;0.0;1
Sehat305.jpg;48.462.294.075.631.000;0.4862300534049578;0.2140436882226664;0.988285993946889;0.00567626953125;0.0;0.0;1
Sehat306.jpg;7.404.132.728.057.390;0.48031346017256177;0.21463409000385011;0.9820879551624119;0.00592041015625;0.0;0.0;1
Sehat307.jpg;5.376.400.476.238.560;0.4347201370428219;0.16336968726348425;0.9887702405885227;0.00213623046875;0.0;0.0;1
Sehat308.jpg;8.129.386.750.961.270;0.4288836284510508;0.16408723375941897;0.9829939315088067;0.001953125;0.0;0.0;1
Sehat309.jpg;5.379.032.365.356.510;0.43674509464000133;0.16455709271290597;0.9887655193962294;0.00177001953125;0.0;0.0;1
Sehat31.jpg;809.620.239.552.985;0.6446436475402791;0.4681308131486563;0.9929729909823832;0.00250244140625;0.0147705078125;3.0;1
Sehat310.jpg;8.123.064.772.692.340;0.42833071527887;0.1619960944748742;0.9830041268027081;0.001953125;0.0;0.0;1
Sehat311.jpg;5.894.324.082.398.300;0.431325797687587;0.1620029073063437;0.9881187434738762;0.00250244140625;0.0;0.0;1
Sehat312.jpg;8.666.339.228.512.130;0.42373413955259603;0.16171838515110304;0.9825056928342265;0.00262451171875;0.0;0.0;1
Sehat313.jpg;5.902.953.595.490.670;0.4325771456670897;0.16166492176801017;0.9881026431126605;0.00250244140625;0.0;0.0;1
Sehat314.jpg;8.656.891.765.867.180;0.42349167768553886;0.16104227484466563;0.9825213958914228;0.00262451171875;0.0;0.0;1
Sehat315.jpg;5.743.960.671.254.800;0.43714795044181765;0.16282434213575364;0.9886385037620299;0.001953125;0.0;0.0;1
Sehat316.jpg;8.569.944.099.784.330;0.4280816264693032;0.1631918212031329;0.9830244866561716;0.0020751953125;0.0;0.0;1
Sehat317.jpg;5.743.646.198.230.020;0.435537342953884;0.16406817140153954;0.988640099441552;0.00213623046875;0.0;0.0;1
Sehat318.jpg;8.580.125.182.125.660;0.4284246956760005;0.16224343761815826;0.9830022805389627;0.00225830078125;0.0;0.0;1
Sehat319.jpg;6.115.571.734.789.450;0.4400785993287008;0.17401160364659474;0.988245226906293;0.0020751953125;0.0;0.0;1
Sehat32.jpg;8.237.083.210.624.820;0.6474622355170124;0.4681376766468422;0.9928507048257179;0.00250244140625;0.0147705078125;3.0;1
Sehat320.jpg;8.686.706.204.662.690;0.433204502025033;0.172381006948354;0.9832795258647732;0.001708984375;0.0;0.0;1
Sehat321.jpg;6.107.327.106.841.870;0.43957423671999957;0.17102569565671236;0.9882553296969493;0.0015869140625;0.0;0.0;1
Sehat322.jpg;8.693.436.786.353.030;0.4338867261723993;0.17176484037078743;0.9832695785974269;0.00244140625;0.0;0.0;1
Sehat323.jpg;558.269.397.320.058;0.4345625054840121;0.1566968736803891;0.9877318279782932;0.0020751953125;0.0;0.0;1
Sehat324.jpg;7.815.573.494.688.950;0.42973300964333244;0.15536792053473505;0.9828059192337891;0.0015869140625;0.0;0.0;1
Sehat325.jpg;5.582.270.305.686.570;0.4351094654983531;0.15672930059795623;0.9877352513471923;0.001708984375;0.0;0.0;1
Sehat326.jpg;7.802.937.045.978.550;0.4289314179975505;0.15626665673455464;0.9828336448002087;0.0020751953125;0.0;0.0;1
Sehat327.jpg;59.032.251.205.128.800;0.41996395542884507;0.13843593272940058;0.9872261908667452;0.00238037109375;0.0;0.0;1
Sehat328.jpg;8.191.283.525.275.650;0.4134301677992595;0.13834252942110364;0.9822467456249037;0.00238037109375;0.0;0.0;1
Sehat329.jpg;5.897.737.447.558.370;0.4194029871901468;0.1386116518084848;0.987234388907185;0.0025634765625;0.0;0.0;1
Sehat33.jpg;845.789.361.682.886;0.6579538740525309;0.49197065645866594;0.9928648274178036;0.00201416015625;0.00616455078125;2.0;1
Sehat330.jpg;8.189.128.294.402.700;0.4133315643816819;0.13739442666218432;0.9822564227511217;0.00238037109375;0.0;0.0;1
Sehat331.jpg;6.138.252.833.276.650;0.4414572893460571;0.1754658764163678;0.9877400793790615;0.00311279296875;0.0;0.0;1
Sehat332.jpg;8.236.500.005.812.780;0.43513125228588906;0.17464898992774422;0.9835377224524663;0.0030517578125;0.0;0.0;1
Sehat333.jpg;6.131.440.714.964.930;0.44243076712789225;0.17461594783727863;0.9877554542967477;0.0029296875;0.0;0.0;1
Sehat334.jpg;8.225.993.212.924.220;0.4337900100440093;0.17506856986075284;0.9835537045157516;0.0029296875;0.0;0.0;1
Sehat335.jpg;7.223.403.561.390.670;0.4394221512263263;0.1883147688438348;0.9880987413861946;0.0068359375;0.0;0.0;1
Sehat336.jpg;959.132.573.056.853;0.43270776472581923;0.1889221016717216;0.9841853689471193;0.0068359375;0.0;0.0;1
Sehat337.jpg;722.092.316.892.989;0.43948349220458766;0.18966208989633748;0.9881065395766914;0.00677490234375;0.0;0.0;1
Sehat338.jpg;9.592.468.470.353.990;0.432467820834152;0.18752314305629447;0.9841807556096605;0.00689697265625;0.0;0.0;1
Sehat339.jpg;6.447.439.120.399.240;0.43220491517731013;0.1648873761478577;0.9879826757803182;0.004150390625;0.0;0.0;1
Sehat34.jpg;8.665.759.559.644.090;0.6592405680242038;0.4919978199267985;0.9926894436906446;0.00201416015625;0.00616455078125;2.0;1
Sehat340.jpg;8.742.045.400.236.980;0.4237715274518276;0.16216437852351626;0.9836848405539417;0.00396728515625;0.0;0.0;1
Sehat341.jpg;6.431.576.130.339.950;0.43260264197867354;0.16296107379165395;0.9880111934444576;0.00390625;0.0;0.0;1
Sehat342.jpg;8.756.433.174.845.830;0.425004635894537;0.16353845328260241;0.9836580490275901;0.00390625;0.0;0.0;1
Sehat343.jpg;3.678.194.847.014.700;0.5052445335576885;0.27790444207689086;0.9870622699220455;0.00244140625;0.0;0.0;1
Sehat344.jpg;563.948.135.604.606;0.49847034552697406;0.27866015654737325;0.9801582327673276;0.0023193359375;0.0;0.0;1
Sehat345.jpg;3.679.493.781.904.240;0.5054300996103934;0.27887153673721116;0.9870553545023323;0.002197265625;0.0;0.0;1
Sehat346.jpg;5.644.870.959.012.770;0.49798932200457413;0.27570041221730673;0.980136202931372;0.00262451171875;0.0;0.0;1
Sehat347.jpg;4.492.575.259.108.940;0.48788218176974835;0.2687850980258039;0.9873206484637832;0.0010986328125;0.0;0.0;1
Sehat348.jpg;4.311.824.440.836.460;0.4806675156377182;0.268529709361589;0.9878329807213048;0.00115966796875;0.0;0.0;1
Sehat349.jpg;44.869.075.920.444.300;0.48879145190091755;0.26852466691738824;0.987337831523117;0.00128173828125;0.0;0.0;1
Sehat35.jpg;8.466.898.989.527.100;0.6579476080926703;0.4918666019495026;0.9928561812978335;0.00177001953125;0.006500244140625;2.0;1
Sehat350.jpg;43.192.574.484.108.100;0.4804084368147947;0.26865728103117187;0.9878087345180627;0.0010986328125;0.0;0.0;1
Sehat351.jpg;4.820.074.445.357.320;0.47736694890490705;0.303098050294944;0.9862648464439853;0.0023193359375;0.0;0.0;1
Sehat352.jpg;4.544.198.677.459.960;0.4723559762775454;0.30268916612734476;0.9870477541678739;0.00244140625;0.0;0.0;1
Sehat353.jpg;48.207.981.999.298.300;0.47803714741505354;0.30393139173347034;0.9862578349595389;0.00250244140625;0.0;0.0;1
Sehat354.jpg;45.481.048.305.847.600;0.472238549343228;0.30356388544309015;0.9870455738418565;0.0023193359375;0.0;0.0;1
Sehat355.jpg;4.730.541.551.708.200;0.4826879550660365;0.30830252506193406;0.9861505592426115;0.00213623046875;0.0;0.0;1
Sehat356.jpg;4.314.380.331.364.920;0.4786747866395613;0.3092729776313639;0.9873697709953205;0.001953125;0.0;0.0;1
Sehat357.jpg;4.723.617.235.776.230;0.48256618656365724;0.3090287064478408;0.9861695107845022;0.00201416015625;0.0;0.0;1
Sehat358.jpg;43.251.769.102.497.400;0.4789861236861317;0.30853050398535203;0.9873384273149156;0.002197265625;0.0;0.0;1
Sehat359.jpg;45.755.173.781.182.100;0.442842422318482;0.18974134250141758;0.9857124597063778;0.00189208984375;0.0;0.0;1
Sehat36.jpg;8.671.991.266.378.330;0.6587056374798405;0.49185398412697173;0.9926831442033356;0.00177001953125;0.006500244140625;2.0;1
Sehat360.jpg;4.240.260.652.396.390;0.43455291400450663;0.18931485436985218;0.9867626471994292;0.001708984375;0.0;0.0;1
Sehat361.jpg;45.627.906.094.354.900;0.44277325721459304;0.1890155314983707;0.9857560956406113;0.0018310546875;0.0;0.0;1
Sehat362.jpg;4.253.211.557.985.700;0.43410178936261107;0.19049185602848814;0.986717855253398;0.0018310546875;0.0;0.0;1
Sehat363.jpg;4.452.579.172.866.770;0.4776826931088259;0.20326495185509544;0.9870640576912987;0.0020751953125;0.0;0.0;1
Sehat364.jpg;41.901.853.965.167.100;0.4691029345458904;0.20205472551012715;0.9878264316234698;0.002197265625;0.0;0.0;1
Sehat365.jpg;4.446.405.833.436.760;0.4781455299509787;0.20189665982086671;0.9870793027110367;0.00201416015625;0.0;0.0;1
Sehat366.jpg;41.932.610.547.513.700;0.47022990438043016;0.20383397690121316;0.9878196130403786;0.00189208984375;0.0;0.0;1
Sehat367.jpg;463.760.737.000.651;0.4881220589186173;0.31411365624618104;0.9849373575975856;0.00384521484375;0.0;0.0;1
Sehat368.jpg;4.369.270.591.145.430;0.49137095958109406;0.3140610247823212;0.9858082265481097;0.00390625;0.0;0.0;1
Sehat369.jpg;464.487.770.798.467;0.48812820047608924;0.3140800192706183;0.984914646752368;0.00408935546875;0.0;0.0;1
Sehat37.jpg;8.645.636.289.189.310;0.649846847445467;0.47120187407528685;0.9935239771919813;0.0042724609375;0.017913818359375;2.0;1
Sehat370.jpg;4.370.182.105.989.300;0.49067860727154833;0.31308296940247016;0.985805281298731;0.00360107421875;0.0;0.0;1
Sehat371.jpg;4.308.982.138.797.690;0.48219380829275177;0.2864823901011476;0.9837475052563329;0.0030517578125;0.0;0.0;1
Sehat372.jpg;4.051.005.952.011.980;0.4818337620636628;0.28407160224656197;0.9847210503024265;0.00335693359375;0.0;0.0;1
Sehat373.jpg;4.311.124.065.477.390;0.48144595809633545;0.2842900584272672;0.9837354535340735;0.00335693359375;0.0;0.0;1
Sehat374.jpg;405.380.167.322.841;0.48278106554923217;0.2862201230663173;0.9847156783112988;0.0032958984375;0.0;0.0;1
Sehat375.jpg;4.664.886.278.210.180;0.4775008959840099;0.305932474069104;0.9846179983603641;0.0025634765625;0.0;0.0;1
Sehat376.jpg;44.148.286.859.074.700;0.47766044737646074;0.30394511840290056;0.9854454528540395;0.0025634765625;0.0;0.0;1
Sehat377.jpg;46.681.941.139.925.000;0.4767282461223421;0.3042118908232506;0.9846117887008777;0.0025634765625;0.0;0.0;1
Sehat378.jpg;4.409.247.366.932.330;0.47837036089557133;0.30493062578515834;0.9854601893537756;0.002685546875;0.0;0.0;1
Sehat379.jpg;4.539.213.431.552.060;0.4788297409505275;0.2591695561601475;0.990595894425689;0.00042724609375;0.0;0.0;1
Sehat38.jpg;14.294.455.186.826.900;0.6447228629346953;0.46966313645333985;0.989294879241046;0.0042724609375;0.017913818359375;2.0;1
Sehat380.jpg;438.267.819.868.992;0.4764940110700393;0.26034277897776537;0.9909214145209863;0.00054931640625;0.0;0.0;1
Sehat381.jpg;4.534.181.411.071.360;0.4776295695249934;0.2598488831771714;0.9906070526995688;0.0003662109375;0.0;0.0;1
Sehat382.jpg;4.390.264.511.258.370;0.47671216912147035;0.2600806519209555;0.9909056261941881;0.000244140625;0.0;0.0;1
Sehat383.jpg;42.999.542.910.545.600;0.5652689972645687;0.2673873481213472;0.9917368566427287;0.01177978515625;0.0;0.0;1
Sehat384.jpg;52.367.868.048.238.500;0.5667051025106445;0.2687257102076797;0.9899350585656107;0.01312255859375;0.0;0.0;1
Sehat385.jpg;4.299.525.779.780.890;0.5658671566668975;0.2686914255227499;0.9917393900394446;0.01251220703125;0.0;0.0;1
Sehat386.jpg;5.236.676.722.312.010;0.5651343847601936;0.2677528594736949;0.9899333850130887;0.01220703125;0.0;0.0;1
Sehat387.jpg;4.290.979.111.125.040;0.6064629157824244;0.35658541606203764;0.9925754028529266;0.01348876953125;0.0;0.0;1
Sehat388.jpg;52.890.429.150.652.300;0.6077224691442499;0.3563559847832128;0.9908480693037429;0.0128173828125;0.0;0.0;1
Sehat389.jpg;42.950.294.145.381.600;0.6071758710650619;0.3568218121407288;0.9925684271790486;0.0126953125;0.0;0.0;1
Sehat39.jpg;8.665.753.844.007.750;0.6504020903578577;0.472546173988192;0.9935101782262589;0.00372314453125;0.017730712890625;3.0;1
Sehat390.jpg;5.273.744.109.988.440;0.6081268647760006;0.35557547534990847;0.9908731486897816;0.013916015625;0.0;0.0;1
Sehat391.jpg;4.586.697.518.186.860;0.6076653226752026;0.36942126781909557;0.9922811135187515;0.0142822265625;0.0;0.0;1
Sehat392.jpg;55.178.808.841.994.900;0.6081208615291206;0.367963667392278;0.9907108456413668;0.0137939453125;0.0;0.0;1
Sehat393.jpg;4.587.729.303.583.780;0.6072444409081393;0.3684884527792898;0.9922786823858593;0.013916015625;0.0;0.0;1
Sehat394.jpg;5.519.248.067.663.010;0.6082483619704742;0.36832116940109755;0.9907098798763353;0.013427734375;0.0;0.0;1
Sehat395.jpg;4.054.553.424.731.980;0.6116038001150809;0.3360704588033668;0.9929553268081394;0.009765625;0.0;0.0;1
Sehat396.jpg;5.279.397.940.046.100;0.6096854169167358;0.33536436769468975;0.9908231675013077;0.00994873046875;0.0;0.0;1
Sehat397.jpg;4.046.226.404.432.120;0.6119224281384413;0.3346391164075729;0.9929683144691283;0.0093994140625;0.0;0.0;1
Sehat398.jpg;5.291.661.839.053.070;0.6094717911973266;0.3356631816259075;0.9908031954169031;0.01025390625;0.0;0.0;1
Sehat399.jpg;45.974.893.986.247.900;0.6276177823980249;0.4011146524836655;0.9923629404398341;0.01092529296875;0.0;0.0;1
Sehat4.jpg;442.455.492.306.826;0.5652495319290972;0.4119669142541776;0.9937411516464101;0.00189208984375;0.0;0.0;1
Sehat40.jpg;14.322.785.691.404.600;0.6446579906094432;0.4710065021726118;0.9892757693093195;0.00372314453125;0.017730712890625;3.0;1
Sehat400.jpg;5.573.519.956.935.950;0.6272251850076399;0.4010224844105197;0.990742397822916;0.0115966796875;0.0;0.0;1
Sehat401.jpg;4.595.369.882.406.590;0.6272083951300561;0.40117748002680775;0.9923686117900488;0.0108642578125;0.0;0.0;1
Sehat402.jpg;5.567.727.223.996.340;0.6272225428668626;0.40086300655962875;0.9907507682718438;0.0108642578125;0.0;0.0;1
Sehat403.jpg;46.864.062.952.085.800;0.6337314614188164;0.4194940586901245;0.9923135749970565;0.0111083984375;0.0;0.0;1
Sehat404.jpg;5.502.839.621.825.250;0.636904362973017;0.41823808868601137;0.9909731367498044;0.01092529296875;0.0;0.0;1
Sehat405.jpg;4.681.449.740.503.800;0.6347476605943254;0.4177226079613254;0.9923216563951153;0.0111083984375;0.0;0.0;1
Sehat406.jpg;5.512.780.485.977.830;0.63535406805273;0.41922539184947794;0.9909583713223556;0.0107421875;0.0;0.0;1
Sehat407.jpg;4.268.606.285.650.140;0.6538335016967173;0.44456568532029656;0.9925194857604441;0.0072021484375;0.0;0.0;1
Sehat408.jpg;5.191.170.762.549.950;0.6537343388299638;0.44439636759512285;0.9908996682337995;0.00750732421875;0.0;0.0;1
Sehat409.jpg;4.270.417.335.105.580;0.6550103762686602;0.4449238693978774;0.9925124868535287;0.007568359375;0.0;0.0;1
Sehat41.jpg;8.341.986.112.618.480;0.49229934822871196;0.26543816658787917;0.990291513879367;0.02703857421875;0.0;0.0;1
Sehat410.jpg;51.932.062.233.917.200;0.6533627295033955;0.4442556701037231;0.9908985864179979;0.00726318359375;0.0;0.0;1
Sehat411.jpg;40.916.620.005.116.100;0.6406678994514668;0.4232032271545309;0.9928532712780441;0.0064697265625;0.0;0.0;1
Sehat412.jpg;51.523.948.032.272.700;0.6388473108050009;0.42245960164459445;0.9910025507324199;0.00689697265625;0.0;0.0;1
Sehat413.jpg;4.088.641.012.177.970;0.6401509300482345;0.42371703948393374;0.9928597463308363;0.00653076171875;0.0;0.0;1
Sehat414.jpg;51.509.680.253.737.200;0.6398694259097557;0.4237446640277549;0.991003644914905;0.00665283203125;0.0;0.0;1
Sehat415.jpg;39.015.539.588.372.000;0.6334347712901602;0.4246501149816648;0.9932846896648985;0.0072021484375;0.0;0.0;1
Sehat416.jpg;4.983.119.852.698.190;0.6342939332971995;0.42291436583549097;0.9914226434660401;0.0072021484375;0.0;0.0;1
Sehat417.jpg;389.523.290.088.259;0.6330061167738242;0.4238553695504245;0.9932948422856668;0.00726318359375;0.0;0.0;1
Sehat418.jpg;4.989.443.946.075.550;0.6357173701194767;0.4239946755058614;0.9914118469024257;0.0068359375;0.0;0.0;1
Sehat419.jpg;4.529.219.738.127.060;0.645039605698097;0.4433751753210853;0.9923872251914482;0.00811767578125;0.0;0.0;1
Sehat42.jpg;1.116.553.952.378.800;0.48388284948735905;0.26280392078049225;0.9870020403268985;0.0269775390625;0.0;0.0;1
Sehat420.jpg;5.534.545.338.882.450;0.6446510171326123;0.4418210878305546;0.9906963882760009;0.00836181640625;0.0;0.0;1
Sehat421.jpg;4.531.362.084.599.250;0.6452254314537026;0.44270502979769305;0.9923830405026125;0.00823974609375;0.0;0.0;1
Sehat422.jpg;5.532.282.738.003.090;0.6450046613324478;0.4435040048953461;0.9907017543254578;0.008544921875;0.0;0.0;1
Sehat423.jpg;4.037.713.012.405.260;0.6420455546189531;0.44646846497829334;0.9931853639656586;0.00677490234375;0.0;0.0;1
Sehat424.jpg;51.140.129.321.926.300;0.6436148083254561;0.4445280561569731;0.9913699575490127;0.0067138671875;0.0;0.0;1
Sehat425.jpg;40.300.866.903.817.900;0.6407167191002834;0.4446464437299582;0.9931986333693027;0.00628662109375;0.0;0.0;1
Sehat426.jpg;51.187.818.396.471.000;0.6432684211927046;0.4452002553938887;0.9913610291943468;0.00634765625;0.0;0.0;1
Sehat427.jpg;43.813.613.741.811.700;0.643183641714591;0.43916026237071004;0.9928006962952999;0.0086669921875;0.0;0.0;1
Sehat428.jpg;53.687.890.407.032.100;0.6429328672456353;0.4404058238215165;0.9911771080267987;0.00848388671875;0.0;0.0;1
Sehat429.jpg;43.743.391.174.283.300;0.6435988490841646;0.4412158447113907;0.9928116551656139;0.00836181640625;0.0;0.0;1
Sehat43.jpg;5.962.891.198.178.480;0.5674615846837936;0.3058937334029081;0.9945038991775252;0.00091552734375;0.001220703125;1.0;1
Sehat430.jpg;53.665.728.430.416.500;0.6433429964850224;0.4396240923541799;0.9911833764369252;0.00830078125;0.0;0.0;1
Sehat431.jpg;4.438.029.342.204.610;0.6390681921645222;0.4388471475917213;0.9924863018059057;0.0079345703125;0.0;0.0;1
Sehat432.jpg;5.441.405.588.019.630;0.6391545597677885;0.4392540847862641;0.9907857950943894;0.00848388671875;0.0;0.0;1
Sehat433.jpg;4.436.291.352.791.130;0.6393830540964031;0.4398834013507164;0.9924882602675473;0.00872802734375;0.0;0.0;1
Sehat434.jpg;54.533.153.436.099.900;0.6386038377479671;0.43877482651201666;0.9907670473376052;0.00836181640625;0.0;0.0;1
Sehat435.jpg;4.407.015.943.719.430;0.6475012124209552;0.45471155433844945;0.9925029070869827;0.007568359375;0.0;0.0;1
Sehat436.jpg;5.380.439.106.190.770;0.6476580118859138;0.4553785814800168;0.9908457871957488;0.00732421875;0.0;0.0;1
Sehat437.jpg;4.602.628.918.278.830;0.621277030986875;0.3963246664733287;0.9930402923448419;0.0128173828125;0.0;0.0;1
Sehat438.jpg;5.600.969.849.856.590;0.6228272421288353;0.397056420441596;0.9915341457749255;0.0118408203125;0.0;0.0;1
Sehat439.jpg;5.490.884.221.872.550;0.6645272547772038;0.544607801258735;0.9900769561870756;0.0023193359375;0.0;0.0;1
Sehat44.jpg;9.492.709.124.481.320;0.5629139733940886;0.3047321318101192;0.9912482330100499;0.00091552734375;0.001220703125;1.0;1
Sehat440.jpg;4.015.754.070.049.780;0.6714054858821717;0.5467112183912358;0.9927411713547464;0.00225830078125;0.0;0.0;1
Sehat441.jpg;5.495.969.830.481.280;0.6646770520512459;0.5456518047299322;0.9900669839782568;0.00225830078125;0.0;0.0;1
Sehat442.jpg;47.669.995.136.866.900;0.5750119055400148;0.35015273995977686;0.9941761268432545;0.01263427734375;0.0;0.0;1
Sehat443.jpg;6.018.963.303.031.030;0.5740313858974352;0.34820643328704665;0.9926433621635985;0.01220703125;0.0;0.0;1
Sehat444.jpg;4.757.540.797.373.420;0.5733951150457673;0.3489644830502323;0.9941861159994344;0.0128173828125;0.0;0.0;1
Sehat445.jpg;6.024.698.879.606.340;0.5766917118742937;0.3502952328113529;0.9926381252189477;0.01251220703125;0.0;0.0;1
Sehat446.jpg;6.275.129.748.176.390;0.5946399485642203;0.39904765476954;0.99257679942366;0.01458740234375;0.0;0.0;1
Sehat447.jpg;724.456.037.714.188;0.5954607624834768;0.3982940330265508;0.9914318525876813;0.01446533203125;0.0;0.0;1
Sehat448.jpg;6.280.024.060.569.180;0.5952723141730106;0.39938783754422874;0.9925733093263615;0.014404296875;0.0;0.0;1
Sehat449.jpg;724.167.107.448.829;0.5958084389569618;0.3989506775296136;0.9914337496190279;0.014404296875;0.0;0.0;1
Sehat45.jpg;5.964.689.556.983.510;0.5675655543702328;0.3053859759965711;0.9945026909652647;0.0009765625;0.00177001953125;1.0;1
Sehat450.jpg;6.338.856.672.505.220;0.5992659052415638;0.41674865992101645;0.9923971583625969;0.0135498046875;0.0;0.0;1
Sehat451.jpg;7.291.539.340.370.620;0.6002212806413606;0.4154676957628249;0.9912523336070119;0.013427734375;0.0;0.0;1
Sehat452.jpg;6.333.885.053.707.820;0.5990412085608393;0.4156693229426214;0.9924025921945545;0.01336669921875;0.0;0.0;1
Sehat453.jpg;7.282.102.356.392.470;0.6003087909952494;0.4165200907222469;0.9912647185739258;0.01336669921875;0.0;0.0;1
Sehat454.jpg;5.654.289.262.224.570;0.5968784275533091;0.3906299883976882;0.9924974113529204;0.01141357421875;0.0;0.0;1
Sehat455.jpg;6.452.110.345.366.780;0.597925303111176;0.3901225238346208;0.9914390223091224;0.01123046875;0.0;0.0;1
Sehat456.jpg;566.044.810.266.726;0.5970605972631353;0.39153720159813554;0.9924913881095548;0.0115966796875;0.0;0.0;1
Sehat457.jpg;6.450.792.665.127.260;0.5990140624433096;0.39042220135072614;0.9914415657846982;0.01141357421875;0.0;0.0;1
Sehat458.jpg;6.064.633.692.288.300;0.6252221045946773;0.4522286455393318;0.9919643818690758;0.00830078125;0.0;0.0;1
Sehat459.jpg;696.909.016.109.707;0.6254205226364142;0.4516329212251053;0.9907678504105143;0.0078125;0.0;0.0;1
Sehat46.jpg;9.495.972.752.883.560;0.5619377560159868;0.3041998294025601;0.9912459330455677;0.0009765625;0.00177001953125;1.0;1
Sehat460.jpg;6.059.503.537.236.320;0.6242022528710467;0.45072277294558377;0.9919737791985438;0.00811767578125;0.0;0.0;1
Sehat461.jpg;6.975.294.952.673.320;0.625125754603365;0.45137067795394215;0.9907582885916408;0.008544921875;0.0;0.0;1
Sehat462.jpg;5.703.280.177.914.670;0.6157445360704494;0.4396563471092117;0.9925822693096427;0.0123291015625;0.0;0.0;1
Sehat463.jpg;64.006.863.123.103;0.6177971891364994;0.4393553951510974;0.9916728302881458;0.01318359375;0.0;0.0;1
Sehat464.jpg;5.691.121.969.744.080;0.6168014048529898;0.4384474661887132;0.9925955968328587;0.01300048828125;0.0;0.0;1
Sehat465.jpg;6.415.584.102.522.550;0.6177985295808343;0.439215139381441;0.9916564800767339;0.0120849609375;0.0;0.0;1
Sehat466.jpg;8.183.670.039.215.330;0.6077138734188918;0.3947577482384506;0.9929656776510059;0.01080322265625;0.00128173828125;1.0;1
Sehat467.jpg;9.340.082.902.561.940;0.6092760581453637;0.3935692765810706;0.9919740209580032;0.01116943359375;0.00128173828125;1.0;1
Sehat468.jpg;8.198.250.175.667.280;0.6084568897516073;0.3944840261637686;0.9929555352980198;0.01129150390625;0.00128173828125;1.0;1
Sehat469.jpg;9.340.157.883.961.890;0.607722675066741;0.39500865620907505;0.9919724048176929;0.01080322265625;0.00128173828125;1.0;1
Sehat47.jpg;6.236.746.795.368.730;0.6247198263385466;0.4457461793549949;0.9950464188787559;0.000732421875;0.007904052734375;2.0;1
Sehat470.jpg;881.886.905.961.339;0.6218528306045382;0.42950808935305046;0.9933004390684923;0.0140380859375;0.014190673828125;4.0;1
Sehat471.jpg;10.144.037.993.805.400;0.6237430383162861;0.4310339446593603;0.9922929877640211;0.0142822265625;0.01409912109375;4.0;1
Sehat472.jpg;8.816.629.724.926.400;0.6216526358649475;0.43060300343755803;0.9933013071309184;0.01409912109375;0.01409912109375;4.0;1
Sehat473.jpg;1.015.583.563.250.490;0.6239399148834962;0.429276678227545;0.9922847202176038;0.013427734375;0.014068603515625;4.0;1
Sehat474.jpg;53.233.786.644.656.300;0.7081850071719176;0.5984399247258628;0.9910506455468601;0.00445556640625;0.0;0.0;1
Sehat475.jpg;5.636.568.997.096.290;0.7109952269511334;0.5976478686334398;0.9905230363512808;0.0048828125;0.0;0.0;1
Sehat476.jpg;5.318.953.938.428.670;0.7087150877630292;0.5986481800844567;0.9910572257787503;0.0048828125;0.0;0.0;1
Sehat477.jpg;5.647.672.072.948.280;0.7104238066813439;0.598034125493547;0.9905056273662614;0.0042724609375;0.0;0.0;1
Sehat478.jpg;57.661.490.140.688.200;0.6778135096657394;0.541751749111057;0.9912929639671143;0.0032958984375;0.0;0.0;1
Sehat479.jpg;60.361.540.967.873.200;0.6805720394471214;0.5406097854668902;0.9908856798805697;0.00360107421875;0.0;0.0;1
Sehat48.jpg;10.621.193.030.928.000;0.6231181038705018;0.44442328416165156;0.9915652998458774;0.000732421875;0.007904052734375;2.0;1
Sehat480.jpg;5.765.776.900.303.760;0.6773087232008367;0.5407074454251236;0.9912921077897199;0.003662109375;0.0;0.0;1
Sehat481.jpg;6.031.527.547.430.040;0.6805037960539172;0.5404296016829049;0.9908923129880599;0.003662109375;0.0;0.0;1
Sehat482.jpg;5.622.112.715.579.690;0.6254511142778972;0.43534257573975776;0.9920877212165001;0.00408935546875;0.0;0.0;1
Sehat483.jpg;5.854.926.846.312.130;0.6301359699866479;0.4342859523971904;0.9917620404395082;0.0040283203125;0.0;0.0;1
Sehat484.jpg;56.275.055.638.653.800;0.6244775167088983;0.4341988040185336;0.9920821704667703;0.00421142578125;0.0;0.0;1
Sehat485.jpg;585.217.546.164.271;0.6296786248384438;0.4347771252256549;0.9917633732434531;0.00396728515625;0.0;0.0;1
Sehat486.jpg;5.814.580.879.161.710;0.6540585881659912;0.5030903177456546;0.9917712829602294;0.00323486328125;0.0;0.0;1
Sehat487.jpg;6.152.165.338.184.790;0.6581542780359539;0.5037673345584949;0.9912946646233521;0.0035400390625;0.0;0.0;1
Sehat488.jpg;580.852.719.674.185;0.6545185728418675;0.5039070819038208;0.9917793372548208;0.0035400390625;0.0;0.0;1
Sehat489.jpg;61.445.449.739.857.300;0.6581767894467965;0.5027466261481526;0.9913030717384969;0.00323486328125;0.0;0.0;1
Sehat49.jpg;53.678.427.961.023.500;0.6290668078575078;0.4568318129653653;0.995151317053517;0.00079345703125;0.00152587890625;1.0;1
Sehat490.jpg;5.771.745.881.512.560;0.6502724988231302;0.500284899010401;0.9918058072251168;0.00555419921875;0.0;0.0;1
Sehat491.jpg;6.127.889.092.757.300;0.6549309825874766;0.5001055376224577;0.9912985960181708;0.00537109375;0.0;0.0;1
Sehat492.jpg;5.773.349.069.093.920;0.6512052118598854;0.5003453789711382;0.9918030406419985;0.0052490234375;0.0;0.0;1
Sehat493.jpg;6.129.909.683.256.830;0.6537577295128755;0.49994000318782655;0.9912981159015141;0.005615234375;0.0;0.0;1
Sehat494.jpg;5.798.707.830.228.120;0.6938523950527022;0.567350608812642;0.9909376447938131;0.00250244140625;0.0;0.0;1
Sehat495.jpg;6.009.774.400.277.920;0.6964924815383936;0.5677846746376427;0.9906068596745001;0.00335693359375;0.0;0.0;1
Sehat496.jpg;5.792.639.697.258.530;0.6934645943071174;0.5675179829883215;0.9909445474795827;0.003173828125;0.0;0.0;1
Sehat497.jpg;6.013.502.690.547.000;0.6963471562275875;0.5678659742099166;0.9906032503228066;0.00262451171875;0.0;0.0;1
Sehat498.jpg;598.345.200.544.565;0.6987846771322057;0.6008471112944861;0.9913967133002152;0.001708984375;0.0;0.0;1
Sehat499.jpg;6.507.110.332.449.770;0.7002495814907208;0.599719124601607;0.9906471246869497;0.00140380859375;0.0;0.0;1
Sehat5.jpg;5.628.287.330.533.110;0.5669689672710616;0.41134971872034115;0.9920368129079677;0.00189208984375;0.0;0.0;1
Sehat50.jpg;10.129.020.385.124.100;0.6245657898633038;0.45514969649651243;0.9908501275252708;0.00079345703125;0.00152587890625;1.0;1
Sehat500.jpg;5.980.696.212.954.880;0.6981715090743225;0.5998619037858988;0.9914029182661785;0.00140380859375;0.0;0.0;1
Sehat501.jpg;5.590.216.558.037.230;0.7392999571961325;0.6549587315948378;0.990182773360162;0.00201416015625;0.0;0.0;1
Sehat502.jpg;5.230.793.572.524.590;0.7383411524106203;0.6550387737940313;0.990813074629838;0.00201416015625;0.0;0.0;1
Sehat503.jpg;557.883.961.601.251;0.739390239965962;0.6545267507115995;0.9902064305996827;0.00177001953125;0.0;0.0;1
Sehat504.jpg;5.224.913.974.827.890;0.7383824453533419;0.6546676242546143;0.9908268569478181;0.00177001953125;0.0;0.0;1
Sehat505.jpg;456.853.795.634.691;0.5068761640129353;0.2786304542133872;0.9919162962417379;0.0010986328125;0.0;0.0;1
Sehat506.jpg;7.162.596.277.797.120;0.5046186785687171;0.2772608259976826;0.9873098281450149;0.0010986328125;0.0;0.0;1
Sehat507.jpg;4.582.128.658.007.470;0.507072713642185;0.27767595225410163;0.9918948164070448;0.0009765625;0.0;0.0;1
Sehat508.jpg;7.174.167.842.086.080;0.5037269366951617;0.2765109219523921;0.987293392955335;0.0009765625;0.0;0.0;1
Sehat509.jpg;44.309.487.020.017.100;0.47691333849639944;0.22748446379904427;0.9903014257214382;0.00067138671875;0.0;0.0;1
Sehat51.jpg;5.302.692.436.114.160;0.6092012551178302;0.4106439041513159;0.9924650405559762;0.012939453125;0.0;0.0;1
Sehat510.jpg;6.742.623.325.351.170;0.4742413650092226;0.2260107957160793;0.9852214345718183;0.00067138671875;0.0;0.0;1
Sehat511.jpg;4.435.995.770.429.170;0.4766549063891376;0.2292131419542219;0.9902931129422438;0.00054931640625;0.0;0.0;1
Sehat512.jpg;6.748.009.327.789.810;0.47400796841749576;0.2278480809471887;0.9852138128643103;0.00054931640625;0.0;0.0;1
Sehat513.jpg;45.245.909.444.945.400;0.4873980130497144;0.2529569697077869;0.9904472543357881;0.00164794921875;0.0;0.0;1
Sehat514.jpg;6.765.475.892.931.310;0.4847223614656093;0.25154913843896276;0.9857001728466277;0.00164794921875;0.0;0.0;1
Sehat515.jpg;45.277.624.445.875.400;0.4860023236943592;0.2525731181313671;0.9904417584954501;0.0018310546875;0.0;0.0;1
Sehat516.jpg;6.760.630.776.991.070;0.4830086614319857;0.2511609557240497;0.9857122488320078;0.0018310546875;0.0;0.0;1
Sehat517.jpg;3.833.559.956.703.360;0.4774282846280837;0.23216770318479715;0.991168884687147;0.0029296875;0.0;0.0;1
Sehat518.jpg;6.232.884.155.351.920;0.475687586587612;0.23063587414231057;0.9856229895625291;0.0029296875;0.0;0.0;1
Sehat519.jpg;3.832.600.553.222.040;0.47758323088727755;0.23174826719449604;0.9911716447128835;0.00244140625;0.0;0.0;1
Sehat52.jpg;833.407.483.221.243;0.5965603439046847;0.40873704944268024;0.9881578129823789;0.012939453125;0.0;0.0;1
Sehat520.jpg;62.401.397.683.006.600;0.47536558222434594;0.2303803923722613;0.9856071098385882;0.00244140625;0.0;0.0;1
Sehat521.jpg;30.263.953.741.449.900;0.4854699756213985;0.2077548262288975;0.9927009682483208;0.0037841796875;0.0;0.0;1
Sehat522.jpg;5.142.157.872.336.790;0.4849952279205256;0.20681370815873093;0.9875862758063589;0.0037841796875;0.0;0.0;1
Sehat523.jpg;30.324.076.585.653.900;0.4854217116021027;0.20812618069838898;0.9926851766151343;0.0035400390625;0.0;0.0;1
Sehat524.jpg;5.152.336.565.089.990;0.48457716595453726;0.20716208863705643;0.9875594977955183;0.0035400390625;0.0;0.0;1
Sehat525.jpg;4.201.014.331.716.280;0.464998252500612;0.18517339196049232;0.9924273973790512;0.008544921875;0.0;0.0;1
Sehat526.jpg;738.470.829.910.448;0.46161006437455016;0.183865011617332;0.986656461992406;0.008544921875;0.0;0.0;1
Sehat527.jpg;4.192.621.097.221.490;0.4650408844321361;0.18499067247081738;0.9924416881146206;0.008544921875;0.0;0.0;1
Sehat528.jpg;7.375.308.595.930.100;0.46225695126636507;0.18377023983074273;0.9866719602290166;0.008544921875;0.0;0.0;1
Sehat529.jpg;5.959.221.016.879.760;0.4980101390174765;0.19885421058116048;0.9938363555584813;0.05523681640625;0.012969970703125;5.0;1
Sehat53.jpg;5.299.590.524.702.000;0.6091954439024829;0.41072519306925975;0.9924688360416655;0.01312255859375;0.0;0.0;1
Sehat530.jpg;10.735.619.636.344.100;0.48801648824758725;0.19741494673190596;0.9888690748938531;0.05523681640625;0.012969970703125;5.0;1
Sehat531.jpg;5.957.653.059.577.160;0.49715194443842375;0.19837483336653805;0.9938384534010888;0.054443359375;0.011932373046875;5.0;1
Sehat532.jpg;10.724.055.192.381.800;0.4869607169151313;0.1968529844412146;0.9888819275393451;0.054443359375;0.011932373046875;5.0;1
Sehat533.jpg;5.963.048.620.368.300;0.5044508936541781;0.2103300012238765;0.9939879794433176;0.04840087890625;0.019439697265625;3.0;1
Sehat534.jpg;10.218.755.731.782.900;0.49454465922234786;0.20906150831550277;0.9896742596416731;0.04840087890625;0.019439697265625;3.0;1
Sehat535.jpg;59.605.963.378.595.700;0.5038584390933344;0.20758911934267069;0.9939894915799355;0.04974365234375;0.01904296875;5.0;1
Sehat536.jpg;10.217.270.651.208.600;0.49408468933062905;0.20649160268544411;0.9896741075526568;0.04974365234375;0.01904296875;5.0;1
Sehat537.jpg;6.733.843.817.167.130;0.48091081005576225;0.2175040792725312;0.9892867994501806;0.000732421875;0.0;0.0;1
Sehat538.jpg;5.009.469.404.876.500;0.4814572552517118;0.21996060624981695;0.9920363569405038;0.0010986328125;0.0;0.0;1
Sehat539.jpg;674.048.411.117.688;0.4808978165549389;0.2180223206645399;0.9892802943936149;0.0010986328125;0.0;0.0;1
Sehat54.jpg;7.163.026.807.303.610;0.6283414373773745;0.4593935489569623;0.989653405437414;0.01226806640625;0.00067138671875;1.0;1
Sehat540.jpg;7.031.050.162.621.550;0.49786199352102095;0.24267057375676596;0.9876977971400231;0.0108642578125;0.0;0.0;1
Sehat541.jpg;5.577.203.733.053.560;0.4961297556946304;0.24278029157434974;0.9902440072719615;0.0111083984375;0.0;0.0;1
Sehat542.jpg;7.998.084.680.544.320;0.7468390848713046;0.6633663899260717;0.9901533431607822;0.00274658203125;0.001220703125;2.0;1
Sehat543.jpg;766.908.722.254.942;0.7477269281443824;0.6636365092500185;0.9905578566808696;0.00274658203125;0.001220703125;2.0;1
Sehat544.jpg;8.019.310.745.913.100;0.7457371914682275;0.6625663075919205;0.9901345628060415;0.0028076171875;0.001220703125;2.0;1
Sehat545.jpg;7.683.625.541.209.360;0.746831609096423;0.6630415312167671;0.990546990777656;0.0028076171875;0.001220703125;2.0;1
Sehat546.jpg;7.230.247.729.245.430;0.7333768305754426;0.6221195936260884;0.9900841718575338;0.00537109375;0.004547119140625;1.0;1
Sehat547.jpg;6.558.234.149.280.770;0.7351455191275686;0.6214219172703808;0.9910074454765284;0.0057373046875;0.004547119140625;1.0;1
Sehat548.jpg;7.226.204.077.928.970;0.7340484766939571;0.6217909969749909;0.9900923750650161;0.0057373046875;0.004547119140625;1.0;1
Sehat549.jpg;6.564.664.837.662.990;0.7351813843387259;0.6222212941231834;0.9909964659359272;0.00531005859375;0.004547119140625;1.0;1
Sehat55.jpg;4.770.702.083.591.650;0.7059113614485403;0.5710085650603256;0.9920048562460444;0.0059814453125;0.0;0.0;1
Sehat550.jpg;7.889.079.711.492.720;0.7624166622388721;0.665682927268795;0.9913939416411396;0.0048828125;0.0059814453125;2.0;1
Sehat551.jpg;7.836.439.458.816.370;0.7629102619385222;0.6672617538819235;0.9914501439323239;0.004638671875;0.0059814453125;2.0;1
Sehat552.jpg;7.883.033.133.253.750;0.7626974336589775;0.6662989689766762;0.9913981739335386;0.00494384765625;0.0059814453125;2.0;1
Sehat553.jpg;7.843.368.182.569.670;0.7627530211304512;0.6660087054244602;0.9914432448070781;0.00494384765625;0.0059814453125;2.0;1
Sehat554.jpg;8.776.255.583.240.290;0.7604115375644986;0.6678003019791903;0.9880163537280628;0.00201416015625;0.003326416015625;1.0;1
Sehat555.jpg;7.554.709.539.106.540;0.7614761675892657;0.6671102008274028;0.9896823486272134;0.0020751953125;0.003021240234375;1.0;1
Sehat556.jpg;8.775.720.654.566.270;0.7603023240421818;0.6673722705607954;0.9880173302225609;0.00213623046875;0.003021240234375;1.0;1
Sehat557.jpg;7.553.053.280.064.860;0.7617315041829951;0.6672534100748778;0.9896857286971857;0.0020751953125;0.003326416015625;1.0;1
Sehat558.jpg;6.624.539.245.432.620;0.7267117258352594;0.6179072544480314;0.9892517877160995;0.0013427734375;0.0;0.0;1
Sehat559.jpg;6.452.488.901.331.930;0.7282288771601366;0.6184232871858347;0.9895305828839245;0.0013427734375;0.0;0.0;1
Sehat56.jpg;7.144.190.830.569.110;0.6956482939797463;0.569747923352566;0.9880347116474141;0.0059814453125;0.0;0.0;1
Sehat560.jpg;6.633.037.460.345.720;0.7271988346502075;0.6172355299100246;0.989230820885251;0.0008544921875;0.0;0.0;1
Sehat561.jpg;6.455.076.437.757.010;0.7290097015761101;0.6178962155387131;0.9895193853305484;0.0008544921875;0.0;0.0;1
Sehat562.jpg;46.713.316.593.301.300;0.46448076819654355;0.1374155673850705;0.9874795852087722;0.01190185546875;0.0;0.0;1
Sehat563.jpg;418.749.922.499.859;0.46274929476747045;0.13725227242729346;0.9887824702724232;0.01190185546875;0.0;0.0;1
Sehat564.jpg;4.670.230.010.772.680;0.465296451556918;0.13927062485907793;0.9874814802134387;0.0126953125;0.0;0.0;1
Sehat565.jpg;419.184.532.066.995;0.46300082254028724;0.1390779288571162;0.9887698149663032;0.0126953125;0.0;0.0;1
Sehat566.jpg;7.102.225.094.033.820;0.5129133501408621;0.2813863999153949;0.9890086754124146;0.00238037109375;0.0;0.0;1
Sehat567.jpg;6.724.371.538.326.680;0.5105804028592306;0.2813574309580918;0.9895946337079611;0.00238037109375;0.0;0.0;1
Sehat568.jpg;7.114.556.466.613.220;0.5128405499357976;0.28265509156163215;0.9889922034788695;0.002197265625;0.0;0.0;1
Sehat569.jpg;6.741.886.121.272.520;0.5103614053362863;0.2826498219524831;0.9895699875235301;0.002197265625;0.0;0.0;1
Sehat57.jpg;4.770.285.342.654.020;0.7062471987031994;0.5712741692540081;0.9920089044145645;0.005859375;0.0;0.0;1
Sehat570.jpg;7.981.506.590.096.750;0.5847837517689939;0.4252479112474783;0.9902338594009348;0.0220947265625;0.0;0.0;1
Sehat571.jpg;63.642.044.221.590.100;0.5836958092265366;0.4256588399458165;0.992213257364534;0.0220947265625;0.0;0.0;1
Sehat572.jpg;79.886.343.762.273;0.5852586160288293;0.4252688159301954;0.9902212656528467;0.02056884765625;0.0;0.0;1
Sehat573.jpg;63.710.842.077.935.600;0.5840656534518934;0.4257189921228006;0.9922017482591895;0.02056884765625;0.0;0.0;1
Sehat574.jpg;994.819.285.784.439;0.5359146208853546;0.3784895793551127;0.9906649796393628;0.010009765625;0.0009765625;1.0;1
Sehat575.jpg;7.877.448.649.689.240;0.536502053694592;0.3792815022941718;0.9926078624041118;0.010009765625;0.0009765625;1.0;1
Sehat576.jpg;9.971.155.491.790.490;0.5354998181545726;0.38079064459992124;0.9906433394846191;0.00982666015625;0.0006103515625;1.0;1
Sehat577.jpg;7.894.969.739.418.910;0.5366478393886015;0.38164197984312037;0.9925913499829714;0.00982666015625;0.0006103515625;1.0;1
Sehat578.jpg;10.524.293.747.545.700;0.6235022580082942;0.5083716450496732;0.989129647089765;0.0108642578125;0.0;0.0;1
Sehat579.jpg;9.034.955.702.203.060;0.6244356084910235;0.5089073572802532;0.9906665834660954;0.0108642578125;0.0;0.0;1
Sehat58.jpg;7.150.767.703.618.690;0.6958812501219511;0.5700135246315087;0.9880287209062656;0.005859375;0.0;0.0;1
Sehat580.jpg;10.525.449.081.106.400;0.6226130657582009;0.5078764441810407;0.9891322407933263;0.01025390625;0.0;0.0;1
Sehat581.jpg;9.041.579.446.700.550;0.6240639192123467;0.5085341462979539;0.9906630040376357;0.01025390625;0.0;0.0;1
Sehat582.jpg;8.878.805.871.153.820;0.5639138517589588;0.3915315963806038;0.9904945639414491;0.009033203125;0.001678466796875;1.0;1
Sehat583.jpg;6.673.560.660.663.250;0.5614285927473723;0.39194068438651214;0.9928570463270803;0.009033203125;0.001678466796875;1.0;1
Sehat584.jpg;8.890.643.325.557.910;0.5658196926205806;0.3918908993756391;0.9904840832128051;0.0089111328125;0.001678466796875;1.0;1
Sehat585.jpg;6.684.947.580.832.910;0.5626377675096343;0.39229954825926644;0.9928465178910613;0.0089111328125;0.001678466796875;1.0;1
Sehat586.jpg;114.474.814.548.587;0.657830452052531;0.5399855506810999;0.9897799838649103;0.00537109375;0.00445556640625;2.0;1
Sehat587.jpg;9.170.807.806.719.770;0.6562870205739532;0.5406246519472725;0.991810315673176;0.00537109375;0.00445556640625;2.0;1
Sehat588.jpg;11.443.514.867.758.800;0.657322678577842;0.5387987877334566;0.9897803000869647;0.00543212890625;0.004241943359375;2.0;1
Sehat589.jpg;9.166.539.647.141.770;0.6557560084388229;0.5394592098123931;0.9918115271619152;0.00543212890625;0.004241943359375;2.0;1
Sehat59.jpg;5.289.005.666.553.000;0.6485677548320201;0.4807664783834409;0.9923068158486029;0.0098876953125;0.0;0.0;1
Sehat590.jpg;652.054.064.108.155;0.5558279855476989;0.3527268753083543;0.9903148218637418;0.001953125;0.0;0.0;1
Sehat591.jpg;59.948.126.562.922.100;0.5571347439837934;0.3530258463176579;0.9910965402977993;0.001953125;0.0;0.0;1
Sehat592.jpg;6.513.264.878.092.520;0.5554913087867545;0.35390516524430643;0.9903253311241196;0.001953125;0.0;0.0;1
Sehat593.jpg;5.986.309.290.847.970;0.5565065971687227;0.3541029644638409;0.991108897090459;0.001953125;0.0;0.0;1
Sehat594.jpg;7.097.526.824.741.410;0.5481276024974034;0.3599080351306911;0.9896771408517196;0.0032958984375;0.0;0.0;1
Sehat595.jpg;6.343.708.650.438.350;0.5492862053814989;0.3601626739763473;0.99077473275499;0.0032958984375;0.0;0.0;1
Sehat596.jpg;7.103.647.173.440.450;0.5478361262725681;0.3574521270282541;0.9896641179430571;0.0030517578125;0.0;0.0;1
Sehat597.jpg;6.342.554.317.921.360;0.5492685031443914;0.35776627563691293;0.9907727428875276;0.0030517578125;0.0;0.0;1
Sehat598.jpg;6.617.782.394.419.220;0.5621351310231589;0.3848497499824833;0.9905905729205857;0.0068359375;0.0;0.0;1
Sehat599.jpg;6.319.809.798.474.000;0.5614655742740932;0.3849590425445429;0.9910146062778914;0.0068359375;0.0;0.0;1
Sehat6.jpg;4.213.097.719.945.420;0.6199540740726824;0.4910898772814629;0.9940467691094544;0.00042724609375;0.0;0.0;1
Sehat60.jpg;79.321.329.528.075;0.63529425466333;0.4791204298008875;0.9884656340324565;0.0098876953125;0.0;0.0;1
Sehat600.jpg;6.614.582.364.581.640;0.5598224010187777;0.3819075777890372;0.990595684932849;0.00738525390625;0.0;0.0;1
Sehat601.jpg;6.323.396.715.543.670;0.5594348947923419;0.3819549020311337;0.9910100356716945;0.00738525390625;0.0;0.0;1
Sehat602.jpg;6.138.485.834.263.500;0.5825251019170025;0.38930199880487826;0.9948650777454314;0.00567626953125;0.016815185546875;4.0;1
Sehat603.jpg;10.055.831.402.288.100;0.5804796137894297;0.38794853607864077;0.9915846724035361;0.00567626953125;0.016815185546875;4.0;1
Sehat604.jpg;6.137.995.177.553.050;0.5816835319120172;0.388264598505825;0.9948655759340758;0.00506591796875;0.0157470703125;4.0;1
Sehat605.jpg;10.049.521.000.604.900;0.5789980981451026;0.3872381558896436;0.9915901092744951;0.00506591796875;0.0157470703125;4.0;1
Sehat606.jpg;8.400.440.523.797.790;0.6658677315676717;0.4725095887653446;0.9948767367128362;0.0032958984375;0.230987548828125;5.0;1
Sehat607.jpg;12.790.016.236.282.400;0.6658744884968221;0.4715733002107377;0.9921994665240836;0.0032958984375;0.230987548828125;5.0;1
Sehat608.jpg;8.379.769.698.601.960;0.666272692405078;0.47176707822003033;0.9948889729344694;0.00341796875;0.22265625;6.0;1
Sehat609.jpg;1.276.191.366.288.980;0.6671422543999749;0.47077123909009444;0.9922160426425221;0.00341796875;0.22265625;6.0;1
Sehat61.jpg;52.958.329.942.701.500;0.6482654013546115;0.48021302626179585;0.9922967511322799;0.0101318359375;0.0;0.0;1
Sehat610.jpg;7.427.807.846.761.790;0.5781722014863403;0.4055857872062094;0.9926014927010184;0.004150390625;0.0;0.0;1
Sehat611.jpg;6.472.228.868.937.130;0.5799177605929349;0.4056172331710665;0.9935533056735973;0.004150390625;0.0;0.0;1
Sehat612.jpg;7.424.238.480.248.080;0.577827282689125;0.405060035502013;0.9926062446088292;0.00433349609375;0.0;0.0;1
Sehat613.jpg;6.467.198.366.167.790;0.5791436470665245;0.4050085264617036;0.9935593610571276;0.00433349609375;0.0;0.0;1
Sehat614.jpg;7.886.568.787.200.380;0.577939622986063;0.3669185585207306;0.9926183726418034;0.0047607421875;0.0;0.0;1
Sehat615.jpg;8.023.208.793.813.740;0.5789402006631733;0.36697157021729754;0.9924903734461642;0.0047607421875;0.0;0.0;1
Sehat616.jpg;7.883.418.567.358.290;0.5785616082455998;0.3686821649590622;0.9926223462023233;0.00439453125;0.0;0.0;1
Sehat617.jpg;8.016.536.966.928.420;0.5794915641633273;0.3687987823988845;0.9924976634411227;0.00439453125;0.0;0.0;1
Sehat618.jpg;953.312.963.709.306;0.5568876976197411;0.3696788353641793;0.991121961449461;0.00506591796875;0.0;0.0;1
Sehat619.jpg;8.198.072.700.312.430;0.5559254625726574;0.3701399076676944;0.9923664367782572;0.00506591796875;0.0;0.0;1
Sehat62.jpg;7.943.870.690.345.470;0.6351550619621087;0.4785874698842895;0.9884483765957599;0.0101318359375;0.0;0.0;1
Sehat620.jpg;9.540.548.274.847.000;0.5554733457204973;0.3683159536585656;0.9911125872163806;0.0047607421875;0.0;0.0;1
Sehat621.jpg;8.206.780.746.895.190;0.5538148761857147;0.36879813619888485;0.9923562204109979;0.0047607421875;0.0;0.0;1
Sehat622.jpg;8.115.898.494.818.100;0.5762320517803765;0.40604757937755537;0.9910545867645024;0.00689697265625;0.0;0.0;1
Sehat623.jpg;782.105.897.180.573;0.5738830477856652;0.406035910456592;0.9913796134908294;0.00689697265625;0.0;0.0;1
Sehat624.jpg;8.114.837.243.216.450;0.5749922385756641;0.40712381515206925;0.9910576104555687;0.00732421875;0.0;0.0;1
Sehat625.jpg;7.810.974.635.491.220;0.5729810061683537;0.40701396097053627;0.9913925142900983;0.00732421875;0.0;0.0;1
Sehat626.jpg;11.567.867.515.422.400;0.681519652801045;0.5071656057335713;0.9923124663929199;0.0042724609375;0.094635009765625;4.0;1
Sehat627.jpg;9.881.312.613.666.890;0.6834643523580736;0.5083740865142067;0.9934347571093406;0.00396728515625;0.0975341796875;3.0;1
Sehat628.jpg;11.565.478.250.227.200;0.6821192501774608;0.5076197715433746;0.9923169712268903;0.00372314453125;0.097686767578125;3.0;1
Sehat629.jpg;98.771.347.740.612;0.6836953598476642;0.5079896440157236;0.9934355344056288;0.0040283203125;0.09490966796875;2.0;1
Sehat63.jpg;5.562.613.618.456.400;0.6835157263065016;0.4828669373608429;0.9915497335463185;0.0068359375;0.0;0.0;1
Sehat630.jpg;10.654.751.114.710.500;0.7207300839086308;0.5977431049756067;0.9919718003678932;0.0035400390625;0.03857421875;5.0;1
Sehat631.jpg;970.008.292.516.586;0.7200453079197078;0.5968831258094204;0.9926928635582198;0.0035400390625;0.04046630859375;7.0;1
Sehat632.jpg;10.675.633.935.122.000;0.7201487202173409;0.5962911686163965;0.9919580676080363;0.00311279296875;0.03955078125;7.0;1
Sehat633.jpg;9.682.367.584.526.830;0.7204826892939152;0.5975965046190713;0.9927041733456282;0.00311279296875;0.036163330078125;6.0;1
Sehat634.jpg;9.628.229.722.084.810;0.5613871122890681;0.40829463350952766;0.9896606689499792;0.008056640625;0.0;0.0;1
Sehat635.jpg;732.259.597.748.387;0.5634855148139876;0.4095011790389342;0.9921360237224109;0.00799560546875;0.0;0.0;1
Sehat636.jpg;9.634.796.568.551.840;0.5610076818830624;0.40796909671397774;0.9896524500162484;0.0084228515625;0.0;0.0;1
Sehat637.jpg;7.318.417.588.918.750;0.5638927199150238;0.4104759201813723;0.9921418580298896;0.008056640625;0.0;0.0;1
Sehat638.jpg;9.519.554.564.629.910;0.6158018366167418;0.4746956763742238;0.9905957235177102;0.006591796875;0.0;0.0;1
Sehat639.jpg;7.335.334.015.980.540;0.6207975408824261;0.4757308829782083;0.9927509471848336;0.00665283203125;0.0;0.0;1
Sehat64.jpg;7.147.039.187.307.500;0.673951657893395;0.4819015011256494;0.9891465408289676;0.0068359375;0.0;0.0;1
Sehat640.jpg;9.499.394.110.246.520;0.6159702882040118;0.4737485777319314;0.9906124455037597;0.00689697265625;0.0;0.0;1
Sehat641.jpg;7.340.940.296.463.920;0.6210109722859259;0.47649777653870595;0.9927464546823317;0.00640869140625;0.0;0.0;1
Sehat642.jpg;946.674.447.359.353;0.5186972860610783;0.339686242132562;0.9886695751268239;0.00787353515625;0.0;0.0;1
Sehat643.jpg;7.843.911.264.906.170;0.5193205759065918;0.34166346199069403;0.9906154574366178;0.00787353515625;0.0;0.0;1
Sehat644.jpg;9.478.182.737.615.900;0.518666997036635;0.3402938135843749;0.988657102972525;0.00787353515625;0.0;0.0;1
Sehat645.jpg;7.833.437.070.520.260;0.5195840601191887;0.34062538003580695;0.9906274850872053;0.00799560546875;0.0;0.0;1
Sehat646.jpg;12.526.603.219.873.200;0.5717240483328968;0.4365937007102323;0.9881784192081318;0.0172119140625;0.001068115234375;1.0;1
Sehat647.jpg;1.029.846.720.839.280;0.5720813139920323;0.4367194609776097;0.9902774828631965;0.0174560546875;0.001068115234375;1.0;1
Sehat648.jpg;12.520.744.127.425.800;0.5721691635877345;0.43596558615330516;0.9881807359696108;0.017333984375;0.001068115234375;1.0;1
Sehat649.jpg;10.307.037.853.659.100;0.5722582661314566;0.4379873048681752;0.9902730037429587;0.0169677734375;0.001068115234375;1.0;1
Sehat65.jpg;556.490.897.929.712;0.6825769116540327;0.4841996119549972;0.9915459146180833;0.00689697265625;0.0;0.0;1
Sehat650.jpg;9.758.687.638.208.800;0.5757996869739171;0.4318504771977376;0.9887101154123782;0.018798828125;0.0;0.0;1
Sehat651.jpg;6.968.189.528.566.690;0.5824567060159319;0.43517622870265155;0.9919387598055898;0.01959228515625;0.0;0.0;1
Sehat652.jpg;9.762.371.947.139.920;0.5765722181044718;0.4338811233968442;0.9887076883765008;0.01885986328125;0.0;0.0;1
Sehat653.jpg;695.839.258.866.031;0.5815079715828766;0.43276099548402686;0.9919478122713313;0.01904296875;0.0;0.0;1
Sehat654.jpg;11.336.392.861.848.200;0.576956591703396;0.44596502690612594;0.9885074647398402;0.01373291015625;0.0006103515625;1.0;1
Sehat655.jpg;9.050.947.713.874.690;0.5785876081142082;0.4477963660014625;0.9908234295133677;0.01409912109375;0.0006103515625;1.0;1
Sehat656.jpg;1.135.170.681.174.700;0.5762999419041148;0.44626997169434096;0.9884926382756043;0.01361083984375;0.0006103515625;1.0;1
Sehat657.jpg;905.020.213.009.186;0.5792203222025442;0.4466279411426701;0.9908245442107649;0.01385498046875;0.0006103515625;1.0;1
Sehat658.jpg;7.915.379.744.301.120;0.624096464046357;0.4960976320040496;0.9916086400777185;0.0052490234375;0.0008544921875;1.0;1
Sehat659.jpg;882.041.396.061.954;0.628967485999495;0.4967488317630399;0.9906497570269539;0.005615234375;0.0;0.0;1
Sehat66.jpg;7.146.590.009.325.810;0.6734983783755824;0.4831586809545994;0.9891467911832429;0.00689697265625;0.0;0.0;1
Sehat660.jpg;7.922.401.000.010.300;0.6248443639974952;0.49682321398978146;0.9916008214704508;0.005615234375;0.0;0.0;1
Sehat661.jpg;8.799.391.946.700.510;0.6276955994414273;0.4964793235898251;0.9906720824344313;0.00543212890625;0.0008544921875;1.0;1
Sehat662.jpg;7.232.716.302.932.820;0.5713222712783314;0.42032221442695;0.9918813487177945;0.0093994140625;0.0;0.0;1
Sehat663.jpg;8.249.263.877.694.680;0.57265457969657;0.4202870286789586;0.9907375288585927;0.009521484375;0.0;0.0;1
Sehat664.jpg;7.226.578.581.282.380;0.5707976005666455;0.4203842022333332;0.9918871968550937;0.00958251953125;0.0;0.0;1
Sehat665.jpg;8.252.738.936.207.300;0.5722080064181799;0.4209321828305086;0.9907368688446917;0.00946044921875;0.0;0.0;1
Sehat666.jpg;8.137.204.433.783.840;0.6541348232374471;0.543806034436733;0.9906523927209266;0.00592041015625;0.0;0.0;1
Sehat667.jpg;8.623.246.365.242.690;0.6571356731664039;0.5467244705446208;0.9901014534925291;0.0059814453125;0.0;0.0;1
Sehat668.jpg;8.151.748.661.830.620;0.6541349541950928;0.5473677438150538;0.9906416264780278;0.005859375;0.0;0.0;1
Sehat669.jpg;8.614.751.718.565.900;0.6566609917047308;0.5427125657932627;0.9901053949215254;0.00604248046875;0.0;0.0;1
Sehat67.jpg;5.339.660.704.321.400;0.6526810175618659;0.4869597728033077;0.9920906041952239;0.01043701171875;0.0;0.0;1
Sehat670.jpg;9.821.501.998.212.320;0.6950279230812937;0.6054998137939567;0.9904391576818834;0.0030517578125;0.001953125;1.0;1
Sehat671.jpg;10.190.970.295.482.200;0.6987152099859584;0.6080506014842094;0.9900810724462218;0.0025634765625;0.0015869140625;1.0;1
Sehat672.jpg;9.823.936.552.560.590;0.6957400468646125;0.6082509145018827;0.9904383309804441;0.001953125;0.002166748046875;1.0;1
Sehat673.jpg;10.198.925.928.581.000;0.6984024257757525;0.6069744994584316;0.9900726627827806;0.0028076171875;0.001953125;1.0;1
Sehat674.jpg;7.387.570.735.037.600;0.5375793599251861;0.36740790563481074;0.9914633693865781;0.01214599609375;0.00115966796875;1.0;1
Sehat675.jpg;8.061.415.675.956.710;0.5401477516835155;0.36804261167242575;0.9906818846853964;0.01171875;0.00115966796875;1.0;1
Sehat676.jpg;7.390.701.353.798.840;0.5376676515512174;0.3690877482600614;0.9914581769674768;0.0120849609375;0.00115966796875;1.0;1
Sehat677.jpg;8.067.029.754.893.200;0.5402612786925439;0.3673299218630655;0.9906765362446205;0.01177978515625;0.00115966796875;1.0;1
Sehat678.jpg;734.461.882.517.514;0.605436373284158;0.47040893442718695;0.9914621066673348;0.0106201171875;0.0;0.0;1
Sehat679.jpg;8.016.451.652.174.120;0.6088807243140034;0.46919441664362144;0.9906832562679794;0.01104736328125;0.0;0.0;1
Sehat68.jpg;8.126.033.077.066.060;0.6400069416332715;0.4853562417673996;0.9879670968865475;0.01043701171875;0.0;0.0;1
Sehat680.jpg;734.163.581.191.746;0.6058096348702061;0.46967851750818074;0.9914680678530754;0.010986328125;0.0;0.0;1
Sehat681.jpg;8.009.966.891.287.940;0.6093213741209523;0.47041265266809607;0.9906885535370238;0.01068115234375;0.0;0.0;1
Sehat682.jpg;6.758.710.936.692.670;0.6489859243000423;0.5203164532686467;0.9916534741294466;0.00628662109375;0.0;0.0;1
Sehat683.jpg;7.559.778.113.827.020;0.6529716221038958;0.5222420898359412;0.9906656338720635;0.0059814453125;0.0;0.0;1
Sehat684.jpg;6.756.131.085.699.640;0.6490178559695797;0.5213059959355272;0.9916566034679257;0.0057373046875;0.0;0.0;1
Sehat685.jpg;7.563.586.358.422.680;0.6525703166533577;0.5209255653699012;0.9906607455717289;0.00640869140625;0.0;0.0;1
Sehat686.jpg;7.304.939.004.148.820;0.6451809945116818;0.5375370945140295;0.990910302233286;0.0086669921875;0.0;0.0;1
Sehat687.jpg;7.542.125.144.666.920;0.6465522349040979;0.5365288840513994;0.9906108195930484;0.00897216796875;0.0;0.0;1
Sehat688.jpg;7.320.009.684.290.180;0.6449783262392662;0.5360992622690074;0.9908875165555463;0.0084228515625;0.0;0.0;1
Sehat689.jpg;7.527.650.795.926.560;0.6477162208212367;0.5382154209406668;0.9906341166855847;0.0089111328125;0.0;0.0;1
Sehat69.jpg;53.372.292.661.252.000;0.653204506782857;0.4900125541473175;0.9920972346882945;0.0103759765625;0.0;0.0;1
Sehat690.jpg;8.717.551.443.957.000;0.665235531115333;0.569102869284582;0.9891729070879224;0.02532958984375;0.0;0.0;1
Sehat691.jpg;9.231.658.199.774.680;0.6673902534094117;0.5678914894136889;0.9885423207503005;0.02557373046875;0.0;0.0;1
Sehat692.jpg;8.714.212.591.966.820;0.6650499444621305;0.5678296376766908;0.9891838970986614;0.02587890625;0.0;0.0;1
Sehat693.jpg;9.242.374.905.062.250;0.6663739102863185;0.569385993017622;0.9885225450909876;0.02557373046875;0.0;0.0;1
Sehat694.jpg;9.349.449.393.690.850;0.5450668738319719;0.39126527994959703;0.9897328480122427;0.04254150390625;0.0;0.0;1
Sehat695.jpg;9.500.844.396.480.850;0.5451168193125365;0.39213747383716413;0.9895656892379762;0.0423583984375;0.0;0.0;1
Sehat696.jpg;9.352.457.965.853.810;0.5438363823512932;0.3904709850835068;0.9897274228638393;0.04241943359375;0.0;0.0;1
Sehat697.jpg;9.504.428.988.545.880;0.5454996582592299;0.39094173003842264;0.9895618476931521;0.04229736328125;0.0;0.0;1
Sehat698.jpg;917.045.254.923.873;0.5738149267126036;0.4238790166903146;0.9915791360894262;0.0098876953125;0.001708984375;1.0;1
Sehat699.jpg;10.186.629.818.572.400;0.5746000495322731;0.4233279698574526;0.990645573643854;0.01025390625;0.0018310546875;1.0;1
Sehat7.jpg;62.892.958.723.416.800;0.617995356212338;0.4900934948752644;0.9911129027842396;0.00042724609375;0.0;0.0;1
Sehat70.jpg;8.125.910.110.153.470;0.6397678843872715;0.4882048696263001;0.987971905351607;0.0103759765625;0.0;0.0;1
Sehat700.jpg;9.182.302.597.417.970;0.5734806015002429;0.42417446994131985;0.991568112941013;0.010498046875;0.0018310546875;1.0;1
Sehat701.jpg;10.173.669.499.943.400;0.5746946420753719;0.4244850280931323;0.990657505895229;0.010009765625;0.001708984375;1.0;1
Sehat702.jpg;7.989.355.143.814.430;0.6396726036839094;0.5224119183825501;0.9916404042671272;0.00543212890625;0.0;0.0;1
Sehat703.jpg;910.883.438.798.125;0.6420672902552702;0.5227224981651698;0.9904710395570907;0.00567626953125;0.0;0.0;1
Sehat704.jpg;7.986.924.028.535.530;0.6396241753532642;0.523410681723539;0.99164330605608;0.0052490234375;0.0;0.0;1
Sehat705.jpg;9.109.142.434.951.500;0.642347835786969;0.5224562994737275;0.9904706142012561;0.00555419921875;0.0;0.0;1
Sehat706.jpg;7.597.476.820.995.280;0.7017789136300466;0.5753298476246381;0.9935116974058745;0.0052490234375;0.0;0.0;1
Sehat707.jpg;7.002.129.704.259.400;0.7082966809378511;0.5757058685445339;0.9940187885713415;0.006103515625;0.0;0.0;1
Sehat708.jpg;7.605.065.393.984.940;0.7029018617589182;0.5759427619589572;0.9935039523481918;0.00537109375;0.0;0.0;1
Sehat709.jpg;6.992.463.303.676.590;0.7075380535266804;0.5741565923074209;0.9940276908827625;0.00506591796875;0.0;0.0;1
Sehat71.jpg;5.068.594.563.751.630;0.6500499232034613;0.4774287401260349;0.9925034309795016;0.01007080078125;0.0;0.0;1
Sehat710.jpg;8.281.010.912.021.780;0.6614397434145539;0.544558396967603;0.9911701620993284;0.00323486328125;0.000823974609375;1.0;1
Sehat711.jpg;6.862.868.642.403.930;0.6688355785713865;0.5492135140959373;0.9926825499253781;0.00384521484375;0.001251220703125;1.0;1
Sehat712.jpg;8.278.000.919.022.620;0.6619279193376871;0.5484249476483671;0.991175885842518;0.0032958984375;0.001251220703125;1.0;1
Sehat713.jpg;6.861.772.757.920.510;0.6684094543511083;0.5459384824685812;0.9926831149046098;0.0032958984375;0.000823974609375;1.0;1
Sehat714.jpg;6.785.316.917.508.800;0.6362536607346446;0.4953775741916991;0.9922775968155392;0.0054931640625;0.0;0.0;1
Sehat715.jpg;5.409.418.626.128.910;0.644194911849376;0.49444139806601645;0.9938430370350373;0.00640869140625;0.0;0.0;1
Sehat716.jpg;6.784.271.391.980.240;0.6349435558345856;0.49445781819812645;0.9922786395256918;0.00665283203125;0.0;0.0;1
Sehat717.jpg;8.116.869.523.322.320;0.672089603252533;0.5573387977726169;0.9895949220043251;0.003662109375;0.0;0.0;1
Sehat718.jpg;6.697.907.705.711.220;0.6800502278487915;0.5592836022501948;0.9914123616064052;0.0042724609375;0.0;0.0;1
Sehat719.jpg;10.683.184.193.972.500;0.6250469174612521;0.4794765170692536;0.9917631443605549;0.007568359375;0.0;0.0;1
Sehat72.jpg;7.844.918.783.066.670;0.6364266726856095;0.47577769931228325;0.9884007056348173;0.01007080078125;0.0;0.0;1
Sehat720.jpg;11.791.411.610.427.300;0.619767631578236;0.47943935173138646;0.990908968969793;0.007568359375;0.0;0.0;1
Sehat721.jpg;10.663.622.428.286.400;0.6252693539309169;0.4795199969018273;0.9917771789230415;0.00714111328125;0.0;0.0;1
Sehat722.jpg;11.782.869.333.446.900;0.6197386613852013;0.47935664275569073;0.9909144037392892;0.00714111328125;0.0;0.0;1
Sehat723.jpg;11.362.133.634.163.200;0.6093795981457046;0.46024294395203746;0.9921572069660183;0.0052490234375;0.0433349609375;8.0;1
Sehat724.jpg;11.558.512.826.921.600;0.6026293898980316;0.4601012382594775;0.9920216585735452;0.0052490234375;0.0433349609375;8.0;1
Sehat725.jpg;11.347.987.547.016.900;0.6099926192618449;0.461080413766461;0.9921684667532493;0.0057373046875;0.043701171875;8.0;1
Sehat726.jpg;11.564.165.446.039.300;0.6021747344992595;0.46116281544120735;0.9920192816210259;0.0057373046875;0.043701171875;8.0;1
Sehat727.jpg;11.122.585.854.025.800;0.6728562395509815;0.5280070767549253;0.9925703837526781;0.0032958984375;0.090667724609375;9.0;1
Sehat728.jpg;10.311.448.565.084.600;0.6710052952904881;0.5282468648598208;0.9931119043179041;0.0032958984375;0.090667724609375;9.0;1
Sehat729.jpg;1.110.652.959.795.490;0.6720543740233699;0.527267205129255;0.9925824704253315;0.00250244140625;0.09002685546875;9.0;1
Sehat73.jpg;5.069.843.284.999.070;0.6497796165603825;0.4778176790150932;0.9925002412098424;0.01123046875;0.0;0.0;1
Sehat730.jpg;10.292.054.635.671.700;0.6693361450019574;0.5276491030326024;0.993126123360645;0.00250244140625;0.09002685546875;9.0;1
Sehat731.jpg;1.103.610.869.461.350;0.5688300036438517;0.41639579420058537;0.9908948772279218;0.00494384765625;0.01300048828125;4.0;1
Sehat732.jpg;932.867.487.974.591;0.567266894309587;0.4167802450761952;0.9923042136575506;0.00494384765625;0.01300048828125;4.0;1
Sehat733.jpg;11.047.499.958.021.100;0.5694919464299125;0.417007447495271;0.9908865490976299;0.00506591796875;0.01287841796875;3.0;1
Sehat734.jpg;9.339.169.208.026.240;0.5679184123177047;0.4174536703273863;0.9922964627872671;0.00506591796875;0.01287841796875;3.0;1
Sehat735.jpg;10.608.199.903.899.700;0.6441745493045051;0.5317977652027103;0.9911071460327127;0.00213623046875;0.01788330078125;3.0;1
Sehat736.jpg;9.947.534.849.236.330;0.641306594592627;0.5319788918428124;0.9916606645274361;0.00213623046875;0.01788330078125;3.0;1
Sehat737.jpg;10.618.949.982.691.500;0.6448789145829172;0.534544633201659;0.9910919472304092;0.00238037109375;0.01763916015625;3.0;1
Sehat738.jpg;995.771.039.354.576;0.6424730423650599;0.5349507597408788;0.9916463323720768;0.00238037109375;0.01763916015625;3.0;1
Sehat739.jpg;10.926.727.300.850.300;0.6283136697060168;0.5187471795370729;0.9907671915407082;0.040283203125;0.0343017578125;5.0;1
Sehat74.jpg;785.049.924.631.092;0.6363981898358769;0.4760020757684396;0.9883903741469297;0.01123046875;0.0;0.0;1
Sehat740.jpg;10.817.255.748.573.900;0.6264885314986864;0.5186411254300106;0.9908595661449172;0.040283203125;0.0343017578125;5.0;1
Sehat741.jpg;10.921.170.959.529.300;0.6271108239373823;0.5186016839134071;0.9907710133088582;0.0401611328125;0.034515380859375;5.0;1
Sehat742.jpg;10.809.525.269.571.300;0.6257192199714757;0.5184966334283865;0.9908652313874876;0.0401611328125;0.034515380859375;5.0;1
Sehat743.jpg;9.686.853.196.622.990;0.6316342477378765;0.5047961913193221;0.9912101933068049;0.0023193359375;0.020843505859375;2.0;1
Sehat744.jpg;8.546.431.182.445.650;0.6294086493995633;0.505100780518929;0.9922448593594771;0.0023193359375;0.020843505859375;2.0;1
Sehat745.jpg;10.433.411.899.115.300;0.6474999077883412;0.5360085746885872;0.9899389019584389;0.0076904296875;0.0225830078125;6.0;1
Sehat746.jpg;9.147.427.010.999.770;0.6482209778520752;0.5328395815641002;0.9911899304389147;0.0072021484375;0.023773193359375;6.0;1
Sehat747.jpg;9.731.065.727.235.540;0.6447482757962266;0.5330356352007274;0.9906164451349571;0.0079345703125;0.024993896484375;6.0;1
Sehat748.jpg;9.061.017.583.493.640;0.5648809048411901;0.402917608446673;0.992512983592471;0.0009765625;0.010467529296875;3.0;1
Sehat749.jpg;8.159.600.912.951.980;0.5680080856740913;0.4080911234416577;0.9932643850725847;0.00030517578125;0.010589599609375;3.0;1
Sehat75.jpg;5.235.720.112.065.230;0.6508013169724401;0.4754553507300137;0.9924306624949754;0.00970458984375;0.0;0.0;1
Sehat750.jpg;8.171.794.706.610.350;0.572566463156301;0.4120003759478456;0.9932639835143192;0.0010986328125;0.010772705078125;3.0;1
Sehat751.jpg;9.518.753.648.965.540;0.6159612276019284;0.5019882145069293;0.991492343045378;0.0;0.054962158203125;2.0;1
Sehat752.jpg;10.031.107.254.401.800;0.6272865472473335;0.5098730705903035;0.9910428383391889;0.0001220703125;0.055572509765625;2.0;1
Sehat753.jpg;9.091.679.502.629.780;0.6223386628649811;0.5050853305985243;0.9918618672774685;6,10E+04;0.05548095703125;2.0;1
Sehat754.jpg;5.615.012.522.733.330;0.6237081441503577;0.5095674229587699;0.9926311428973708;0.08734130859375;0.0;0.0;1
Sehat755.jpg;6.055.034.135.589.030;0.6201740546290327;0.498626404109279;0.9920269615950836;0.0869140625;0.0;0.0;1
Sehat756.jpg;5.706.114.584.624.950;0.6262648149548111;0.5085883465579842;0.9925165978802492;0.0870361328125;0.0;0.0;1
Sehat757.jpg;639.927.479.229.951;0.7711556912319981;0.7008030007015446;0.9886288536077856;0.0079345703125;0.001220703125;2.0;1
Sehat758.jpg;5.145.555.204.652.020;0.7767876320509752;0.7021615649067566;0.9908486986189118;0.0068359375;0.00225830078125;2.0;1
Sehat759.jpg;7.465.300.371.225.690;0.8512792742952614;0.7983923320027122;0.9897429780217678;0.00103759765625;0.041656494140625;2.0;1
Sehat76.jpg;8.178.047.596.720.120;0.6391158061968217;0.47359864429000514;0.9881803312202639;0.00970458984375;0.0;0.0;1
Sehat760.jpg;8.463.332.061.039.070;0.7185902987105254;0.6001564164341665;0.9917074929628372;0.000244140625;0.0;0.0;1
Sehat761.jpg;48.264.431.174.695.300;0.7175548901793792;0.6190406083942852;0.9924148697567757;0.00628662109375;0.0;0.0;1
Sehat762.jpg;5.783.935.154.328.590;0.7150563017994785;0.6191080040762039;0.9909028630374097;0.005859375;0.0;0.0;1
Sehat763.jpg;6.049.925.825.893.260;0.7160666402035885;0.6233793624110293;0.9905285107191215;0.005615234375;0.0;0.0;1
Sehat764.jpg;5.494.584.030.834.680;0.6435025701674308;0.5367019664263223;0.9895514163641952;0.0028076171875;0.0;0.0;1
Sehat765.jpg;9.985.063.621.169.230;0.5106549742568176;0.37849787149581465;0.9896767039193154;0.00030517578125;0.00274658203125;2.0;1
Sehat766.jpg;11.885.830.356.036.000;0.5046962408889729;0.3781568984415051;0.9877106862103252;0.00030517578125;0.00274658203125;2.0;1
Sehat767.jpg;8.657.850.232.887.920;0.7771256914463464;0.6888261794875495;0.9901435534964521;0.00018310546875;0.0;0.0;1
Sehat768.jpg;8.138.828.707.865.690;0.7726531339933627;0.6766279850254904;0.9907096136246892;0.0001220703125;0.0;0.0;1
Sehat769.jpg;850.975.891.639.279;0.7757837197335524;0.6766535728623007;0.9902873828267275;0.0001220703125;0.0;0.0;1
Sehat77.jpg;5.225.572.742.291.330;0.6502316309916408;0.4762264078053912;0.9924477952315719;0.00927734375;0.0;0.0;1
Sehat770.jpg;8.142.850.804.451.550;0.7727130290999974;0.676744275709067;0.9907051798595753;0.00018310546875;0.0;0.0;1
Sehat771.jpg;8.511.945.809.308.240;0.7759931745609959;0.6767485946875086;0.9902850449944561;0.00018310546875;0.0;0.0;1
Sehat772.jpg;7.702.096.007.837.840;0.8130975118507199;0.6547925583170496;0.988766981339409;0.00262451171875;0.0;0.0;1
Sehat773.jpg;7.901.782.164.501.810;0.8211736753891773;0.6560323397607896;0.9884236540740311;0.00079345703125;0.0;0.0;1
Sehat774.jpg;13.876.297.094.260.800;0.6453338486837964;0.5012404495213628;0.9889133721406956;0.01409912109375;0.0;0.0;1
Sehat775.jpg;14.584.487.310.641.200;0.6472543712783366;0.50139582090915;0.988348065990742;0.01409912109375;0.0;0.0;1
Sehat776.jpg;13.866.432.632.344.300;0.6456825793481635;0.5012770689045452;0.9889211451668433;0.01458740234375;0.0;0.0;1
Sehat777.jpg;964.956.151.058.135;0.7270846676967532;0.6108359793020235;0.9892808074631763;0.02789306640625;0.0;0.0;1
Sehat778.jpg;10.582.167.375.793.000;0.7264866896960785;0.6103983124780653;0.988247296322451;0.02789306640625;0.0;0.0;1
Sehat779.jpg;11.480.123.486.809.700;0.6204923568811465;0.4405758173956868;0.9891369791082418;0.0101318359375;0.0;0.0;1
Sehat78.jpg;8.166.011.289.835.000;0.6388017099066087;0.47459486314413396;0.9882015808584076;0.00927734375;0.0;0.0;1
Sehat780.jpg;9.753.404.258.891.790;0.7057362993657725;0.6315813553115837;0.9891123694643632;0.009765625;0.0;0.0;1
Sehat781.jpg;9.353.325.660.817.930;0.7078279053695936;0.6158088207958089;0.9895342515418794;0.00579833984375;0.0;0.0;1
Sehat782.jpg;9.432.698.219.563.040;0.7103711457269939;0.6158752768615857;0.9894456207726127;0.00579833984375;0.0;0.0;1
Sehat783.jpg;11.837.836.609.006.500;0.6706062760246755;0.559624860211294;0.9850591360325476;0.00640869140625;0.005767822265625;3.0;1
Sehat784.jpg;12.440.419.947.506.500;0.6708000832304215;0.5595863976644436;0.984299859167901;0.00640869140625;0.005767822265625;3.0;1
Sehat785.jpg;10.447.144.942.727.300;0.6750916834301085;0.5227862346753648;0.9898573314096185;0.0035400390625;0.0008544921875;1.0;1
Sehat786.jpg;10.375.902.666.909.400;0.680110646825796;0.5231143104099555;0.9899264075715792;0.0035400390625;0.0008544921875;1.0;1
Sehat787.jpg;10.441.656.575.500.600;0.674965290488851;0.5222393082673602;0.9898632421696621;0.00347900390625;0.0008544921875;1.0;1
Sehat788.jpg;10.371.633.635.454.700;0.679779524868167;0.5225664719889417;0.9899311321565882;0.00347900390625;0.0008544921875;1.0;1
Sehat789.jpg;6.862.963.676.968.980;0.8274888247129727;0.774175619204437;0.9899083530146608;0.0015869140625;0.0;0.0;1
Sehat79.jpg;49.107.616.230.859.400;0.5280112103237973;0.27563911971491317;0.9925128959965758;0.00140380859375;0.0;0.0;1
Sehat790.jpg;10.747.763.797.610.900;0.6581612361058783;0.5157513167662655;0.9895588751419154;0.01055908203125;0.0006103515625;1.0;1
Sehat791.jpg;11.341.274.451.298.800;0.6609733615222458;0.5156042152205015;0.9889828864946955;0.01055908203125;0.0006103515625;1.0;1
Sehat792.jpg;9.027.822.910.854.160;0.6793347526762998;0.5608697095091716;0.990548669288822;0.02593994140625;0.0;0.0;1
Sehat793.jpg;9.866.560.588.329.490;0.6797774223880931;0.5608472066978165;0.9896720325389445;0.02593994140625;0.0;0.0;1
Sehat794.jpg;10.470.543.030.669.300;0.6459548797618481;0.506745750802622;0.9863304699102006;0.00384521484375;0.006103515625;1.0;1
Sehat795.jpg;928.370.359.032.382;0.6483398681533242;0.5071069075775726;0.9878786239527789;0.00384521484375;0.006103515625;1.0;1
Sehat796.jpg;5.034.730.047.585.080;0.8182659648649033;0.7576038138241735;0.9902735289238729;0.00079345703125;0.0;0.0;1
Sehat797.jpg;5.629.869.237.863.470;0.8193007396896751;0.7576458115580459;0.9891274117584742;0.00079345703125;0.0;0.0;1
Sehat798.jpg;6.306.454.664.992.610;0.8855373884986938;0.8545994834496611;0.9846904282611878;0.00042724609375;0.006927490234375;1.0;1
Sehat799.jpg;5.100.655.586.727.800;0.8869767481755565;0.8549304001571348;0.9876084987613559;0.00042724609375;0.006927490234375;1.0;1
Sehat8.jpg;4.952.338.809.365.160;0.5602411181517504;0.417356817097489;0.9922677441427803;0.0040283203125;0.0;0.0;1
Sehat80.jpg;5.741.154.083.870.910;0.5280044655364513;0.2752904235101428;0.9912443355828614;0.00140380859375;0.0;0.0;1
Sehat800.jpg;878.098.104.217.071;0.5399981472412854;0.3738106165908334;0.9894717835157988;0.02996826171875;0.0;0.0;1
Sehat801.jpg;11.374.491.502.108.400;0.5310286408028825;0.39248719464978404;0.9875289752311235;0.009765625;0.00274658203125;1.0;1
Sehat802.jpg;8.344.712.842.550.930;0.5461753089689846;0.3937376365452711;0.9908521624192156;0.009765625;0.00274658203125;1.0;1
Sehat803.jpg;11.382.450.687.297.500;0.5310930895988482;0.3934686438450044;0.9875192667970915;0.01104736328125;0.002960205078125;1.0;1
Sehat804.jpg;8.342.003.873.070.490;0.5461360991300117;0.39471852182685746;0.9908544064296367;0.01104736328125;0.002960205078125;1.0;1
Sehat805.jpg;8.301.209.599.815.000;0.7414685546921613;0.6516379446456789;0.9912779521402753;0.0029296875;0.0;0.0;1
Sehat806.jpg;9.942.638.082.671.940;0.7352635034457927;0.6510146128323271;0.9895576738675844;0.0029296875;0.0;0.0;1
Sehat807.jpg;8.369.783.238.524.810;0.6297633050255153;0.4819666084935413;0.9927103677979242;0.0040283203125;0.00091552734375;2.0;1
Sehat808.jpg;10.347.835.194.628.600;0.6202092354908436;0.4815525757453953;0.9909880237404604;0.0040283203125;0.00091552734375;2.0;1
Sehat809.jpg;1.465.464.548.845.810;0.5436463266996632;0.38458674152724903;0.9885916911844955;0.0111083984375;0.030792236328125;5.0;1
Sehat81.jpg;4.915.857.016.089.220;0.5281732458035968;0.27469450616792396;0.9925062990742232;0.00177001953125;0.0;0.0;1
Sehat810.jpg;10.512.932.709.199.100;0.5549068353719493;0.38720481895947495;0.9918154680996297;0.010498046875;0.031707763671875;5.0;1
Sehat811.jpg;9.876.537.812.971.580;0.624268778121805;0.44539253604073076;0.9908441068066369;0.005859375;0.0572509765625;3.0;1
Sehat812.jpg;6.085.953.565.136.370;0.6282885777386107;0.44682528175167313;0.9943601422444698;0.005859375;0.0572509765625;3.0;1
Sehat813.jpg;8.362.281.837.063.680;0.6671061044738554;0.5360941476121904;0.9931601020240864;0.00653076171875;0.085845947265625;3.0;1
Sehat814.jpg;1.404.515.496.478.890;0.6562197152736292;0.5338568629403272;0.9885179194818109;0.0062255859375;0.08636474609375;3.0;1
Sehat815.jpg;8.351.494.316.009.450;0.6672195207753582;0.5360907213440416;0.9931662651009576;0.00640869140625;0.086273193359375;3.0;1
Sehat816.jpg;1.407.187.719.583.750;0.6555422550920864;0.5336754284092836;0.9884968324168361;0.0059814453125;0.085784912109375;3.0;1
Sehat817.jpg;1.145.164.879.965.210;0.5691027874079713;0.3726601910636664;0.9888457017596014;0.00189208984375;0.046875;1.0;1
Sehat818.jpg;8.491.944.746.910.540;0.5754910459171642;0.37349295648438313;0.9917315013328248;0.00189208984375;0.046875;1.0;1
Sehat819.jpg;11.444.163.011.243.000;0.5686234040873828;0.3715391850335148;0.9888517521638501;0.00164794921875;0.04693603515625;1.0;1
Sehat82.jpg;5.744.273.739.589.380;0.5276386854569894;0.27436657218829624;0.9912409606553988;0.00177001953125;0.0;0.0;1
Sehat820.jpg;8.481.747.486.411.870;0.5752778847331411;0.3722333073693564;0.9917405127597417;0.00164794921875;0.04693603515625;1.0;1
Sehat821.jpg;7.224.054.627.276.160;0.6039947614060936;0.36504478953546027;0.9887478119561144;0.00054931640625;0.0;0.0;1
Sehat822.jpg;7.969.165.013.330.180;0.5674088504951041;0.39849571416558155;0.9900737247053266;0.00640869140625;0.009857177734375;4.0;1
Sehat823.jpg;9.010.509.343.935.580;0.6272565895644173;0.43826519472867415;0.988223354434691;0.00506591796875;0.0;0.0;1
Sehat824.jpg;6.723.128.435.840.360;0.6324041802547514;0.4395953251126656;0.9912145538008664;0.00506591796875;0.0;0.0;1
Sehat825.jpg;79.065.177.468.899;0.5572436376858958;0.36340603926740095;0.9902448085230854;0.00286865234375;0.0;0.0;1
Sehat826.jpg;8.871.025.646.739.080;0.5600912544961846;0.364594114238163;0.9890513521580159;0.00286865234375;0.0;0.0;1
Sehat827.jpg;9.495.178.101.814.500;0.7174981461152125;0.6205444504492367;0.9905901473015892;0.00408935546875;0.004913330078125;1.0;1
Sehat828.jpg;11.284.782.747.690.300;0.7129054629361741;0.6201685507111333;0.9888200826908896;0.00408935546875;0.004913330078125;1.0;1
Sehat829.jpg;7.937.645.781.020.700;0.7291400960503011;0.6331192645411157;0.9918439171635193;0.00201416015625;0.0023193359375;3.0;1
Sehat83.jpg;4.871.918.723.004.290;0.54255179583408;0.2974194155421673;0.9925693497120291;0.00238037109375;0.0;0.0;1
Sehat830.jpg;12.060.438.302.126.400;0.7256072504934631;0.6345633256238745;0.9876223709650436;0.00244140625;0.0010986328125;1.0;1
Sehat831.jpg;11.343.598.293.446.800;0.6330219035150755;0.4536171706392173;0.9918122027272993;0.005859375;0.03155517578125;2.0;1
Sehat832.jpg;17.785.079.702.451.300;0.6240978069396721;0.4516633776543329;0.9871627773541721;0.005859375;0.03155517578125;2.0;1
Sehat84.jpg;5.718.910.683.654.940;0.5428431919914036;0.2967664154828152;0.9912756937270742;0.00238037109375;0.0;0.0;1
Sehat85.jpg;48.686.308.758.036;0.5423736481613788;0.2964593912152149;0.9925736576930723;0.0020751953125;0.0;0.0;1
Sehat86.jpg;57.189.419.743.425.200;0.5430309126734073;0.29582601659389923;0.9912747908395771;0.0020751953125;0.0;0.0;1
Sehat87.jpg;4.750.190.908.715.300;0.6002115035990652;0.386293868461659;0.9933465825862434;0.0020751953125;0.0;0.0;1
Sehat88.jpg;5.895.936.666.873.550;0.5984097304798717;0.38579289580312554;0.991740757063285;0.0020751953125;0.0;0.0;1
Sehat89.jpg;4.749.334.079.918.310;0.6001329549613256;0.3862770481713454;0.9933484704404506;0.00213623046875;0.0;0.0;1
Sehat9.jpg;7.543.991.526.004;0.5582277463116226;0.4157397991245875;0.9882226569160566;0.0040283203125;0.0;0.0;1
Sehat90.jpg;5.890.553.829.024.560;0.5988057483966897;0.3855707330215574;0.9917491505309375;0.00213623046875;0.0;0.0;1
Sehat91.jpg;46.780.117.690.444.200;0.6386814959261924;0.4546990145300478;0.9934977939926136;0.00238037109375;0.0;0.0;1
Sehat92.jpg;6.025.716.731.121.000;0.6369538036618035;0.4539916305860563;0.9916245746733776;0.00238037109375;0.0;0.0;1
Sehat93.jpg;4.685.280.024.205.920;0.6385579872162827;0.4544489002701444;0.993488960178777;0.00225830078125;0.0;0.0;1
Sehat94.jpg;60.331.172.532.137.100;0.6359903429726093;0.45382172949319005;0.9916159068012979;0.00225830078125;0.0;0.0;1
Sehat95.jpg;47.240.071.907.228.700;0.6138752217785534;0.4070853220834491;0.993577736174963;0.00238037109375;0.0;0.0;1
Sehat96.jpg;5.850.714.777.471.440;0.6100909326562685;0.4063356988447811;0.9920452882952864;0.00238037109375;0.0;0.0;1
Sehat97.jpg;47.288.069.044.889.500;0.6133919770053584;0.4067299333839621;0.993573682296386;0.00274658203125;0.0;0.0;1
Sehat98.jpg;58.594.700.991.487.500;0.6101617908593328;0.40612349487517846;0.9920364412321421;0.00274658203125;0.0;0.0;1
Sehat99.jpg;4.754.504.696.509.550;0.561883067974381;0.32409381432985535;0.9928562741789982;0.0025634765625;0.0;0.0;1
Tidak_Sehat1.jpg;1.291.299.777.703.700;0.7139227778844092;0.636311680250769;0.9873161232438991;0.01092529296875;0.0262451171875;5.0;0
Tidak_Sehat10.jpg;16.239.055.056.755.700;0.6050682202398012;0.471879642549434;0.9885538274036872;0.00128173828125;0.171783447265625;5.0;0
Tidak_Sehat100.jpg;11.486.806.631.947.100;0.5069012124811304;0.3066190045487634;0.9888563339643062;0.00079345703125;0.0;0.0;0
Tidak_Sehat101.jpg;11.159.765.875.261.400;0.5122671643190374;0.31352804289164043;0.9891825729384992;0.00079345703125;0.0;0.0;0
Tidak_Sehat102.jpg;10.909.116.779.171.600;0.5062970664443269;0.3046306260071628;0.9893648859167339;0.00048828125;0.0;0.0;0
Tidak_Sehat103.jpg;11.756.194.861.868.700;0.711092856303101;0.6165647579478789;0.9886427056945418;0.00067138671875;0.035186767578125;6.0;0
Tidak_Sehat104.jpg;9.911.325.323.692.210;0.7147117933815386;0.6261613302228076;0.9904359221473048;0.00042724609375;0.0352783203125;5.0;0
Tidak_Sehat105.jpg;11.247.750.299.667.100;0.7085312199474054;0.6188698898732076;0.9891509102028896;0.00067138671875;0.034271240234375;6.0;0
Tidak_Sehat106.jpg;10.088.595.496.982.500;0.6080565114324902;0.5021108982047474;0.9868539130061954;0.0313720703125;0.0006103515625;1.0;0
Tidak_Sehat107.jpg;9.420.854.161.499.940;0.612029904735805;0.5019118207419202;0.9877233220515959;0.0313720703125;0.0006103515625;1.0;0
Tidak_Sehat108.jpg;10.094.805.584.402.700;0.6083857973792509;0.5035809265494978;0.9868461218756918;0.0313720703125;0.0006103515625;1.0;0
Tidak_Sehat109.jpg;9.426.307.847.407.330;0.6124306373738658;0.5033201546472957;0.9877164955641807;0.0313720703125;0.0006103515625;1.0;0
Tidak_Sehat11.jpg;1.699.503.148.120.860;0.6084934536710407;0.4700403421746009;0.9879636711788612;0.00189208984375;0.17230224609375;4.0;0
Tidak_Sehat110.jpg;9.371.365.549.501.970;0.6413900545768011;0.5090103775649725;0.9898485291543139;0.0047607421875;0.0;0.0;0
Tidak_Sehat111.jpg;1.372.049.651.443.040;0.6346233732345963;0.5076574910580665;0.9851424247229503;0.0047607421875;0.0;0.0;0
Tidak_Sehat112.jpg;9.372.497.180.931.900;0.641460783425085;0.5094768793324363;0.9898474668376993;0.0047607421875;0.0;0.0;0
Tidak_Sehat113.jpg;13.718.019.738.643.500;0.6348578168130464;0.5082260373296595;0.9851453437036349;0.0047607421875;0.0;0.0;0
Tidak_Sehat114.jpg;10.380.866.600.274.800;0.6487380923541047;0.5372625682742694;0.9888014593286831;0.0130615234375;0.0;0.0;0
Tidak_Sehat115.jpg;11.354.483.480.841.900;0.6501065682908728;0.5369360085773619;0.9877525462832931;0.0130615234375;0.0;0.0;0
Tidak_Sehat116.jpg;10.377.531.752.459.300;0.6492245511823128;0.5372421922005047;0.9888053270961504;0.01324462890625;0.0;0.0;0
Tidak_Sehat117.jpg;11.350.049.034.993.800;0.6503797686306408;0.5369565813147599;0.987757612942962;0.01324462890625;0.0;0.0;0
Tidak_Sehat118.jpg;7.825.543.389.107.580;0.7670661162041611;0.6906689958481538;0.9904273162617495;0.00982666015625;0.0;0.0;0
Tidak_Sehat119.jpg;864.525.942.853.965;0.7686147063564345;0.6905258490309313;0.9894272773566555;0.00982666015625;0.0;0.0;0
Tidak_Sehat12.jpg;17.095.206.809.163.400;0.609842825374069;0.46263932513550626;0.9879179202306773;0.00177001953125;0.171966552734375;4.0;0
Tidak_Sehat120.jpg;7.824.631.438.325.340;0.7674184654610438;0.6897089037059292;0.990429175851995;0.010009765625;0.0;0.0;0
Tidak_Sehat121.jpg;8.641.809.606.014.980;0.7688734207069222;0.6895038489975781;0.9894323100399555;0.010009765625;0.0;0.0;0
Tidak_Sehat122.jpg;1.043.287.348.293.440;0.6209169316506341;0.4908361931736224;0.9894026449542835;0.02490234375;0.0;0.0;0
Tidak_Sehat123.jpg;10.422.001.341.398.400;0.6250666001374713;0.5051629888695619;0.9882990138757277;0.013427734375;0.0;0.0;0
Tidak_Sehat124.jpg;11.537.329.838.722.100;0.6289282668089383;0.5048572894869585;0.9870479922038965;0.013427734375;0.0;0.0;0
Tidak_Sehat125.jpg;10.424.020.204.290.300;0.6251470560473912;0.5060395733981745;0.9882984038496007;0.0137939453125;0.0;0.0;0
Tidak_Sehat126.jpg;11.540.233.236.716.400;0.6288776019423846;0.5058147828103478;0.9870465678175416;0.0137939453125;0.0;0.0;0
Tidak_Sehat127.jpg;10.056.118.734.112.400;0.698977086036682;0.5296110512813614;0.9898354498797394;0.00164794921875;0.0;0.0;0
Tidak_Sehat128.jpg;12.136.470.894.816.700;0.6979828465108905;0.529709683787882;0.9877373221655809;0.00164794921875;0.0;0.0;0
Tidak_Sehat129.jpg;10.059.766.957.033.900;0.6989478093153926;0.529092341230733;0.9898311383657207;0.001953125;0.0;0.0;0
Tidak_Sehat13.jpg;18.664.356.984.442.900;0.5935875783107799;0.49037267674139157;0.9880796268460665;0.00079345703125;0.15570068359375;5.0;0
Tidak_Sehat130.jpg;12.142.127.921.755.700;0.6976592432639307;0.5292513861250187;0.9877308560501884;0.001953125;0.0;0.0;0
Tidak_Sehat131.jpg;10.461.826.136.152.200;0.7496228056977351;0.6432093188426757;0.9894423303810661;0.0020751953125;0.0;0.0;0
Tidak_Sehat132.jpg;1.203.774.528.799.050;0.7470629295687874;0.642485070211772;0.9878557345141092;0.0020751953125;0.0;0.0;0
Tidak_Sehat133.jpg;1.046.035.308.424.780;0.7488459603614638;0.6418595302602662;0.9894441407049835;0.00225830078125;0.0;0.0;0
Tidak_Sehat134.jpg;1.203.351.368.265.230;0.7466602651305893;0.6416059612837253;0.9878604316901672;0.00225830078125;0.0;0.0;0
Tidak_Sehat135.jpg;9.765.236.449.743.700;0.7864794303610433;0.693268934689208;0.9889536473779329;0.00091552734375;0.0;0.0;0
Tidak_Sehat136.jpg;1.086.791.278.842.960;0.7860658275427493;0.6929804890769433;0.9877096540518883;0.00091552734375;0.0;0.0;0
Tidak_Sehat137.jpg;9.769.173.683.659.830;0.7871899768411929;0.6943332404579664;0.9889487670941325;0.00067138671875;0.0;0.0;0
Tidak_Sehat138.jpg;10.873.999.359.977.800;0.786766056917179;0.6940240512997479;0.9877023011807049;0.00067138671875;0.0;0.0;0
Tidak_Sehat139.jpg;10.260.961.621.923.200;0.7649631424038813;0.6600365764192868;0.9896751502996067;0.001708984375;0.0;0.0;0
Tidak_Sehat14.jpg;2.030.032.288.502.050;0.5881742489431275;0.4886275331108105;0.9870805639631185;0.00091552734375;0.155426025390625;5.0;0
Tidak_Sehat140.jpg;11.626.088.618.843.800;0.7631959979549553;0.6597471245363477;0.9883045160812198;0.001708984375;0.0;0.0;0
Tidak_Sehat141.jpg;1.026.979.126.302.000;0.7650547683402715;0.6607728657953839;0.9896680128508364;0.00152587890625;0.0;0.0;0
Tidak_Sehat142.jpg;11.634.633.059.370.200;0.7632658975007187;0.6604419650113192;0.9882978967167628;0.00152587890625;0.0;0.0;0
Tidak_Sehat143.jpg;10.251.652.658.513.600;0.7805132588386328;0.6781595611339863;0.9888675880427624;0.00030517578125;0.0;0.0;0
Tidak_Sehat144.jpg;11.402.098.026.070.900;0.781442149112713;0.6783246887246878;0.9876209991225591;0.00030517578125;0.0;0.0;0
Tidak_Sehat145.jpg;10.248.883.771.725.800;0.7799563631517383;0.6772074512191145;0.9888698664251123;0.00030517578125;0.0;0.0;0
Tidak_Sehat146.jpg;11.397.721.269.400.800;0.780980620797156;0.6774747126497873;0.9876249379012484;0.00030517578125;0.0;0.0;0
Tidak_Sehat147.jpg;9.980.868.457.049.350;0.8170998124221495;0.6758236879099115;0.9874579166024825;0.000244140625;0.0;0.0;0
Tidak_Sehat148.jpg;10.306.418.708.149.800;0.819001636841889;0.6758724149469879;0.9870500345492098;0.000244140625;0.0;0.0;0
Tidak_Sehat149.jpg;9.979.880.846.740.800;0.8174348502303938;0.6763632813706831;0.98745895634357;0.00018310546875;0.0;0.0;0
Tidak_Sehat15.jpg;2.006.097.620.163.960;0.5953883985152493;0.4947909147873814;0.9872634934552131;0.0008544921875;0.155029296875;5.0;0
Tidak_Sehat150.jpg;10.305.509.631.331.600;0.8191591948602289;0.6763340263942518;0.9870509692973685;0.00018310546875;0.0;0.0;0
Tidak_Sehat151.jpg;8.006.558.644.367.230;0.7008838762449363;0.6049072125277842;0.988970285591504;0.00640869140625;0.0;0.0;0
Tidak_Sehat152.jpg;8.812.101.455.452.840;0.701718832573062;0.6046610399596655;0.9878627912941708;0.00640869140625;0.0;0.0;0
Tidak_Sehat153.jpg;8.007.739.714.437.700;0.7004628008372498;0.6037419009392629;0.9889681948743507;0.006591796875;0.0;0.0;0
Tidak_Sehat154.jpg;9.410.680.054.172.610;0.6827184593750643;0.5304891811592195;0.988572432605515;0.000732421875;0.0;0.0;0
Tidak_Sehat155.jpg;1.057.676.598.634.440;0.6828608216735458;0.5296542832358283;0.9871589255005184;0.000732421875;0.0;0.0;0
Tidak_Sehat156.jpg;9.403.031.144.083.120;0.6821116800194513;0.5312200877002337;0.9885813845213471;0.00054931640625;0.0;0.0;0
Tidak_Sehat157.jpg;10.570.972.946.633.300;0.6820888440041722;0.5303857312945822;0.9871655869251533;0.00054931640625;0.0;0.0;0
Tidak_Sehat158.jpg;8.299.400.568.592.800;0.6964247328136516;0.5805325359826973;0.9898926357870296;0.0013427734375;0.0006103515625;1.0;0
Tidak_Sehat159.jpg;9.378.731.793.921.900;0.6946392755095022;0.5802181618169736;0.9885803484771453;0.0013427734375;0.0006103515625;1.0;0
Tidak_Sehat16.jpg;10.686.530.133.997.600;0.5726113613469571;0.45769395470393553;0.9909139269437371;0.0087890625;0.094940185546875;1.0;0
Tidak_Sehat160.jpg;8.292.192.795.843.920;0.6956645322316715;0.5791054308432596;0.9899004680307296;0.001220703125;0.0006103515625;1.0;0
Tidak_Sehat161.jpg;9.371.982.822.090.620;0.693960090720987;0.5786882164135335;0.9885874999765759;0.001220703125;0.0006103515625;1.0;0
Tidak_Sehat162.jpg;52.845.899.499.090.500;0.7328166512295891;0.6335737101851994;0.9911907106326643;0.00311279296875;0.0;0.0;0
Tidak_Sehat163.jpg;5.859.740.300.209.740;0.7315491634363499;0.6334471442757814;0.9902337095812462;0.00311279296875;0.0;0.0;0
Tidak_Sehat164.jpg;5.281.403.111.243.700;0.7329138672647243;0.6343479451781175;0.9911958873388537;0.0032958984375;0.0;0.0;0
Tidak_Sehat165.jpg;5.857.028.795.828.400;0.7316799586129975;0.6342216468574621;0.990238080770084;0.0032958984375;0.0;0.0;0
Tidak_Sehat166.jpg;1.432.480.675.013.420;0.7919476288606387;0.6986072373598978;0.9857937957331426;0.00054931640625;0.005340576171875;2.0;0
Tidak_Sehat167.jpg;10.457.499.415.519.600;0.7990539351580557;0.699358084316488;0.9896203579366712;0.00054931640625;0.005340576171875;2.0;0
Tidak_Sehat168.jpg;14.320.785.267.091.200;0.7914799597760688;0.6986280823107324;0.9857978539272757;0.0006103515625;0.005340576171875;2.0;0
Tidak_Sehat169.jpg;10.453.415.932.352.600;0.7984966460657631;0.6992965297687492;0.9896244591885717;0.0006103515625;0.005340576171875;2.0;0
Tidak_Sehat17.jpg;10.015.048.721.763.900;0.5742310739202462;0.46179813521249863;0.9914930252478564;0.00897216796875;0.095184326171875;1.0;0
Tidak_Sehat170.jpg;11.298.782.924.649.400;0.597832626813544;0.44647156123302634;0.9886624105990837;0.001708984375;0.0;0.0;0
Tidak_Sehat171.jpg;12.011.594.216.938.600;0.5989467796590416;0.44605974720045705;0.9879470405578866;0.001708984375;0.0;0.0;0
Tidak_Sehat172.jpg;1.131.251.170.575.280;0.5978326855485854;0.44645025981912995;0.9886496594607802;0.0015869140625;0.0;0.0;0
Tidak_Sehat173.jpg;12.024.260.729.250.800;0.5988455972787622;0.44603898818285964;0.9879354185386214;0.0015869140625;0.0;0.0;0
Tidak_Sehat174.jpg;10.794.732.750.402.900;0.6323148919369196;0.5005992900578607;0.988417429499;0.001220703125;0.0;0.0;0
Tidak_Sehat175.jpg;1.110.187.309.801.700;0.6338257411132661;0.5002323284250653;0.9880881312474941;0.001220703125;0.0;0.0;0
Tidak_Sehat176.jpg;107.943.552.439.188;0.6326238120555443;0.5007637861950944;0.9884189583137964;0.0013427734375;0.0;0.0;0
Tidak_Sehat177.jpg;1.110.042.092.271.680;0.6340650872952084;0.5004775645787239;0.9880908440463859;0.0013427734375;0.0;0.0;0
Tidak_Sehat178.jpg;9.800.547.490.157.410;0.6301428471853404;0.48750651381842575;0.988497261970975;0.0177001953125;0.0;0.0;0
Tidak_Sehat179.jpg;9.817.552.057.499.860;0.6303517753552819;0.4877968055836626;0.9884773248893987;0.0177001953125;0.0;0.0;0
Tidak_Sehat18.jpg;10.249.634.312.289.300;0.5767330790846986;0.46539065917457245;0.9912948538206147;0.00885009765625;0.0947265625;1.0;0
Tidak_Sehat180.jpg;9.804.595.500.857.620;0.6298928950570174;0.48780877000984013;0.9884942843740937;0.0179443359375;0.0;0.0;0
Tidak_Sehat181.jpg;9.816.255.657.511.240;0.6298688220604384;0.48803883347370186;0.9884806154757958;0.0179443359375;0.0;0.0;0
Tidak_Sehat182.jpg;7.873.232.592.819.320;0.680338533552289;0.5409418254232821;0.9892096034565171;0.014892578125;0.0;0.0;0
Tidak_Sehat183.jpg;7.714.504.008.695.490;0.6791582578595884;0.5414720559940881;0.9894268485497392;0.014892578125;0.0;0.0;0
Tidak_Sehat184.jpg;7.880.320.547.099.400;0.6804975933454811;0.5410637385031488;0.9892012763511392;0.01513671875;0.0;0.0;0
Tidak_Sehat185.jpg;7.719.661.692.448.360;0.6791011546207372;0.5414699309026735;0.9894211353868655;0.01513671875;0.0;0.0;0
Tidak_Sehat186.jpg;10.208.184.129.389.000;0.6391276628756911;0.5161674772736369;0.9887945559156407;0.0128173828125;0.0;0.0;0
Tidak_Sehat187.jpg;10.250.745.147.844.400;0.6413465429971145;0.516538730896781;0.9887478820118513;0.0128173828125;0.0;0.0;0
Tidak_Sehat188.jpg;102.031.786.850.032;0.6389472783231867;0.5150859588001196;0.9887999031228731;0.0130615234375;0.0;0.0;0
Tidak_Sehat189.jpg;10.240.763.160.172.100;0.6413785143115143;0.5154985431879265;0.9887586860937381;0.0130615234375;0.0;0.0;0
Tidak_Sehat19.jpg;1.609.045.674.393.410;0.6291959691454412;0.5391822230758362;0.9878453100469784;0.0003662109375;0.08746337890625;4.0;0
Tidak_Sehat190.jpg;8.602.804.294.671.040;0.6617467773262481;0.5549537824022942;0.989055611020118;0.01318359375;0.0;0.0;0
Tidak_Sehat191.jpg;8.428.352.479.100.760;0.6661305894713262;0.5551662049390657;0.9892772447533368;0.01318359375;0.0;0.0;0
Tidak_Sehat192.jpg;8.600.933.489.366.940;0.6610922664391359;0.5534038949399233;0.9890583486303862;0.01336669921875;0.0;0.0;0
Tidak_Sehat193.jpg;8.424.514.203.195.050;0.6653205754310251;0.5535137343072126;0.9892824748628182;0.01336669921875;0.0;0.0;0
Tidak_Sehat194.jpg;7.644.318.948.012.830;0.7626221437213947;0.6953687795296682;0.9851513880982333;0.0062255859375;0.0;0.0;0
Tidak_Sehat195.jpg;6.519.401.098.177.150;0.7665869371156614;0.6960126591984194;0.987331065600392;0.0062255859375;0.0;0.0;0
Tidak_Sehat196.jpg;764.650.093.258.514;0.7623086366477115;0.695409394689594;0.9851471661288093;0.0062255859375;0.0;0.0;0
Tidak_Sehat197.jpg;6.523.211.619.339.870;0.7663033854216366;0.6961763040945672;0.9873236847388943;0.0062255859375;0.0;0.0;0
Tidak_Sehat198.jpg;6.512.131.454.471.180;0.8094839797463956;0.7586696927730857;0.9830386180015567;0.0030517578125;0.0;0.0;0
Tidak_Sehat199.jpg;5.630.208.623.958.880;0.8127971736033026;0.759289981226742;0.9853291075124974;0.0030517578125;0.0;0.0;0
Tidak_Sehat2.jpg;12.925.475.818.659.800;0.7051036473652165;0.6301800418067288;0.9873868849851078;0.0111083984375;0.02557373046875;6.0;0
Tidak_Sehat20.jpg;1.579.791.632.760.320;0.7452230786297754;0.5949659277165726;0.9849740829947814;0.0;0.064483642578125;4.0;0
Tidak_Sehat200.jpg;6.507.459.260.751.800;0.8091210405509703;0.7576683481283074;0.983052527309782;0.003173828125;0.0;0.0;0
Tidak_Sehat201.jpg;563.005.003.926.672;0.8125213793073485;0.7583298560974109;0.9853310590396293;0.003173828125;0.0;0.0;0
Tidak_Sehat202.jpg;6.886.653.326.952.470;0.6823857409727744;0.5796637466703493;0.988918823573675;0.0333251953125;0.0;0.0;0
Tidak_Sehat203.jpg;6.857.529.802.038.760;0.6824701441171026;0.5800346353653474;0.9889656056734536;0.0333251953125;0.0;0.0;0
Tidak_Sehat204.jpg;6.889.781.507.688.000;0.6822687294023777;0.5799491957710367;0.9889131963210814;0.0333251953125;0.0;0.0;0
Tidak_Sehat205.jpg;6.856.636.241.397.480;0.6825309812495012;0.5802997355225684;0.9889664415543443;0.0333251953125;0.0;0.0;0
Tidak_Sehat206.jpg;58.505.878.709.673.900;0.7123729071934998;0.6118550417324643;0.9907195537086929;0.02410888671875;0.0;0.0;0
Tidak_Sehat207.jpg;6.475.569.787.597.890;0.7134545379860714;0.6116302689899856;0.9897302007392949;0.02410888671875;0.0;0.0;0
Tidak_Sehat208.jpg;5.844.022.138.565.100;0.7121843804147708;0.6106290176213162;0.9907297151688853;0.02447509765625;0.0;0.0;0
Tidak_Sehat209.jpg;6.473.071.263.330.010;0.7128849430841665;0.6104658601481844;0.9897338971721972;0.02447509765625;0.0;0.0;0
Tidak_Sehat21.jpg;13.258.795.444.153.200;0.6517415675037065;0.5533123537849577;0.9899437603362315;0.00054931640625;0.089019775390625;4.0;0
Tidak_Sehat210.jpg;4.690.212.101.778.350;0.7565754276748918;0.6250118300624804;0.9913916459702993;0.01531982421875;0.0;0.0;0
Tidak_Sehat211.jpg;48.634.941.816.758.400;0.760145047275082;0.6251446118231224;0.9910740053520062;0.01531982421875;0.0;0.0;0
Tidak_Sehat212.jpg;4.684.747.194.494.370;0.7567280824769608;0.6264173096599426;0.9914015910718182;0.0159912109375;0.0;0.0;0
Tidak_Sehat213.jpg;4.859.748.744.497.460;0.7601993847691277;0.6265112078831587;0.9910807950633199;0.0159912109375;0.0;0.0;0
Tidak_Sehat214.jpg;6.376.374.497.540.630;0.7732517279300719;0.7068032324650552;0.9893485228693937;0.01776123046875;0.0;0.0;0
Tidak_Sehat215.jpg;6.316.358.377.508.400;0.7730975635011331;0.706474279677784;0.9894485144709444;0.01776123046875;0.0;0.0;0
Tidak_Sehat216.jpg;6.372.367.384.318.070;0.7730408232085054;0.7067415722824949;0.9893528596778128;0.01776123046875;0.0;0.0;0
Tidak_Sehat217.jpg;63.137.070.003.306.400;0.7732287350488054;0.7063714458254978;0.9894506141476701;0.01776123046875;0.0;0.0;0
Tidak_Sehat218.jpg;8.306.387.175.274.410;0.6023074973357906;0.46427676265444734;0.9881338818456958;0.04547119140625;0.0;0.0;0
Tidak_Sehat219.jpg;7.450.372.129.910.990;0.6024042498452378;0.4647247133004421;0.9893563903421657;0.04547119140625;0.0;0.0;0
Tidak_Sehat22.jpg;803.268.330.078.321;0.7602828664953857;0.6871565469388351;0.9887975488632677;0.02685546875;0.0;0.0;0
Tidak_Sehat220.jpg;8.309.913.464.618.670;0.6018745166919762;0.46368480683696406;0.9881281837984077;0.0455322265625;0.0;0.0;0
Tidak_Sehat221.jpg;7.450.215.611.889.610;0.6019411082341571;0.4640111624776814;0.9893560188715007;0.0455322265625;0.0;0.0;0
Tidak_Sehat222.jpg;8.595.354.414.667.100;0.6922203464109264;0.5995134645758666;0.9897773762956437;0.0126953125;0.0;0.0;0
Tidak_Sehat223.jpg;8.730.332.817.957.250;0.6916725808316012;0.5994518601464996;0.9896171364137443;0.0126953125;0.0;0.0;0
Tidak_Sehat224.jpg;8.593.810.579.287.760;0.6925904374844166;0.5999215067814658;0.9897798380454791;0.01251220703125;0.0;0.0;0
Tidak_Sehat225.jpg;8.723.142.837.952.290;0.6921314280200805;0.5999007904594783;0.9896263103181212;0.01251220703125;0.0;0.0;0
Tidak_Sehat226.jpg;14.262.154.672.225.800;0.8143412764548823;0.7511106180082949;0.9841345607213364;0.02105712890625;0.007720947265625;1.0;0
Tidak_Sehat227.jpg;10.943.899.769.049.400;0.8209192407998286;0.7522705177530288;0.9878160779563405;0.02105712890625;0.007720947265625;1.0;0
Tidak_Sehat228.jpg;14.271.557.378.531.300;0.8149135256045857;0.7524004703226047;0.9841245818277052;0.02105712890625;0.0078125;1.0;0
Tidak_Sehat229.jpg;10.952.740.340.897.300;0.821540485309708;0.7534576396476789;0.987806609915061;0.02105712890625;0.0078125;1.0;0
Tidak_Sehat23.jpg;7.990.287.938.909.150;0.7584513400051068;0.68442293556602;0.9888947999693048;0.0301513671875;0.0;0.0;0
Tidak_Sehat230.jpg;1.564.571.157.736.050;0.8128937867756112;0.7458153779611975;0.9840711417677328;0.01690673828125;0.081085205078125;3.0;0
Tidak_Sehat231.jpg;11.755.290.596.518.600;0.8191042606727855;0.747057548928899;0.9880214593156104;0.01690673828125;0.081085205078125;3.0;0
Tidak_Sehat232.jpg;156.407.520.841.082;0.813349844014791;0.7466146028330116;0.9840762999706039;0.01751708984375;0.08111572265625;3.0;0
Tidak_Sehat233.jpg;11.751.616.572.503.900;0.8194563425076797;0.7477741613106041;0.988025284879301;0.01751708984375;0.08111572265625;3.0;0
Tidak_Sehat234.jpg;11.333.460.498.171.000;0.7446905080499319;0.5469978872827097;0.9892980367390276;0.009521484375;0.0;0.0;0
Tidak_Sehat235.jpg;12.828.440.554.797.700;0.746510567164291;0.5470857885242678;0.9878898694075366;0.009521484375;0.0;0.0;0
Tidak_Sehat236.jpg;11.338.219.007.688.000;0.7444485265849812;0.5469505017653447;0.9892940554731022;0.0093994140625;0.0;0.0;0
Tidak_Sehat237.jpg;12.830.380.125.343.500;0.7464626161802915;0.5470523472217783;0.9878886103194686;0.0093994140625;0.0;0.0;0
Tidak_Sehat238.jpg;9.647.137.580.212.680;0.7278040349749252;0.6182006156712401;0.991225658556047;0.01495361328125;0.0;0.0;0
Tidak_Sehat239.jpg;11.718.412.922.763.300;0.7279156831282275;0.6177275978248246;0.9893458260960649;0.01495361328125;0.0;0.0;0
Tidak_Sehat24.jpg;7.973.614.684.729.310;0.7602059573701486;0.6862410728157329;0.988920124049002;0.02593994140625;0.0;0.0;0
Tidak_Sehat240.jpg;9.649.388.362.318.410;0.7278786357757655;0.6177511938159838;0.9912228446515584;0.01458740234375;0.0;0.0;0
Tidak_Sehat241.jpg;11.722.565.042.005.000;0.7279814601991236;0.6172779793607008;0.9893411244252172;0.01458740234375;0.0;0.0;0
Tidak_Sehat242.jpg;5.340.568.537.907.880;0.8577923627821771;0.8176128559078774;0.9819979308606955;0.015625;0.0;0.0;0
Tidak_Sehat243.jpg;538.122.408.588.564;0.8568032933902927;0.8175109982113121;0.98186132744395;0.015625;0.0;0.0;0
Tidak_Sehat244.jpg;53.396.988.892.935.900;0.8579267412113998;0.8176341872477905;0.9820012829432616;0.01556396484375;0.0;0.0;0
Tidak_Sehat245.jpg;5.379.490.568.876.940;0.8571783021556897;0.8175935488273324;0.9818675851804821;0.01556396484375;0.0;0.0;0
Tidak_Sehat246.jpg;5.179.394.775.456.180;0.8779959450690163;0.8395679821733597;0.9857226984584805;0.009521484375;0.0;0.0;0
Tidak_Sehat247.jpg;5.773.913.964.494.560;0.877844068700194;0.8395249893782352;0.9840898791916496;0.009521484375;0.0;0.0;0
Tidak_Sehat248.jpg;5.176.597.342.777.970;0.8780863955176397;0.8405520722299326;0.9857293270264321;0.009521484375;0.0;0.0;0
Tidak_Sehat249.jpg;5.774.700.138.983.570;0.877957637490093;0.840488531948365;0.9840865430047367;0.009521484375;0.0;0.0;0
Tidak_Sehat25.jpg;8.609.149.894.341.360;0.6533403050618661;0.4039213304574159;0.9850884357436674;0.0289306640625;0.002532958984375;2.0;0
Tidak_Sehat250.jpg;4.262.023.034.983.540;0.8700716867468988;0.831744747032647;0.9843929838991986;0.01153564453125;0.0;0.0;0
Tidak_Sehat251.jpg;42.150.558.743.825.600;0.8701521369033398;0.8319722750926051;0.9845643869638373;0.01153564453125;0.0;0.0;0
Tidak_Sehat252.jpg;4.263.555.697.423.870;0.8698826303725121;0.8316629036578876;0.9843915482467439;0.0115966796875;0.0;0.0;0
Tidak_Sehat253.jpg;4.217.778.939.203.680;0.8699509579293639;0.8319929598186023;0.9845585622356244;0.0115966796875;0.0;0.0;0
Tidak_Sehat254.jpg;5.240.604.107.249.850;0.8850960114171081;0.8464525774890047;0.9873404793529469;0.0020751953125;0.0;0.0;0
Tidak_Sehat255.jpg;5.834.507.428.389.810;0.8841305388214282;0.8460191394128841;0.985910988484021;0.0020751953125;0.0;0.0;0
Tidak_Sehat256.jpg;5.239.262.611.858.520;0.8851087338063767;0.8467398436463119;0.9873447736194895;0.0020751953125;0.0;0.0;0
Tidak_Sehat257.jpg;5.833.298.199.929.700;0.8841441013338135;0.8463473108264529;0.9859150833118702;0.0020751953125;0.0;0.0;0
Tidak_Sehat258.jpg;11.128.450.306.901.000;0.5146384712665247;0.3792447718990584;0.9860392913733951;0.02313232421875;0.001373291015625;1.0;0
Tidak_Sehat259.jpg;11.223.124.496.249.300;0.5163865581272794;0.3791505551261343;0.9859204187640218;0.02313232421875;0.001373291015625;1.0;0
Tidak_Sehat26.jpg;11.392.868.435.736.700;0.6718563132045808;0.5834315182420254;0.9833544601983485;0.03759765625;0.002685546875;2.0;0
Tidak_Sehat260.jpg;11.132.304.357.317.500;0.5151328574220352;0.37968805074928214;0.9860349937636871;0.0230712890625;0.001373291015625;1.0;0
Tidak_Sehat261.jpg;1.122.055.946.716.100;0.5169584861662054;0.3795950075315986;0.9859241851826975;0.0230712890625;0.001373291015625;1.0;0
Tidak_Sehat262.jpg;6.892.272.701.732.870;0.6441793885521939;0.5305894775080136;0.9908693740906873;0.0181884765625;0.0;0.0;0
Tidak_Sehat263.jpg;733.865.292.782.664;0.6460264237086945;0.5304078510108755;0.9902786745817309;0.0181884765625;0.0;0.0;0
Tidak_Sehat264.jpg;6.891.234.780.907.030;0.6439438373858405;0.5304879818628288;0.9908711069428952;0.01849365234375;0.0;0.0;0
Tidak_Sehat265.jpg;7.336.205.537.515.190;0.6460597564801737;0.5303672180740454;0.9902822958194833;0.01849365234375;0.0;0.0;0
Tidak_Sehat266.jpg;9.379.641.387.407.730;0.6203642933041302;0.4922177282951372;0.9884146221502016;0.00250244140625;0.0;0.0;0
Tidak_Sehat267.jpg;9.331.508.624.475.530;0.6251099011498985;0.4922677921795065;0.9884740227434979;0.00250244140625;0.0;0.0;0
Tidak_Sehat268.jpg;9.375.935.782.079.840;0.6200703752338008;0.4909551179373855;0.9884187001001806;0.002197265625;0.0;0.0;0
Tidak_Sehat269.jpg;9.326.335.682.879.650;0.6251442544218345;0.49098558655548524;0.9884799141336646;0.002197265625;0.0;0.0;0
Tidak_Sehat27.jpg;11.403.708.075.645.200;0.674987259278334;0.5855918851871807;0.9832590069090674;0.037841796875;0.002838134765625;2.0;0
Tidak_Sehat270.jpg;887.189.928.338.186;0.6160050679898168;0.5013206735462866;0.9889672385417018;0.02166748046875;0.0;0.0;0
Tidak_Sehat271.jpg;8.782.664.571.579.100;0.6139638974088486;0.5014202805291158;0.9890781341547202;0.02166748046875;0.0;0.0;0
Tidak_Sehat272.jpg;887.419.774.422.877;0.6156989343775229;0.5003457292726963;0.9889645935009744;0.02166748046875;0.0;0.0;0
Tidak_Sehat273.jpg;8.788.339.972.513.230;0.6138497902204033;0.5004864770409762;0.9890712904652044;0.02166748046875;0.0;0.0;0
Tidak_Sehat274.jpg;8.102.052.042.645.700;0.6627474679252362;0.5610791906475813;0.9892077005854426;0.006103515625;0.0;0.0;0
Tidak_Sehat275.jpg;8.969.520.577.582.750;0.6595240142706579;0.5610138910025743;0.9880536990421253;0.006103515625;0.0;0.0;0
Tidak_Sehat276.jpg;8.100.110.147.095.230;0.6629250643249783;0.5609573067840361;0.9892105711385423;0.0059814453125;0.0;0.0;0
Tidak_Sehat277.jpg;8.964.478.675.832.280;0.6596020031499877;0.5609123381922402;0.9880607236324718;0.0059814453125;0.0;0.0;0
Tidak_Sehat278.jpg;9.339.706.623.163.250;0.7167869773569738;0.6131106571089103;0.9907534983872992;0.01593017578125;0.0;0.0;0
Tidak_Sehat279.jpg;1.052.327.659.030.310;0.7181734611054901;0.6129264589133504;0.989584152831724;0.01593017578125;0.0;0.0;0
Tidak_Sehat28.jpg;8.471.864.698.937.650;0.6893392655366314;0.5986491338428382;0.9881124957681809;0.0521240234375;0.0;0.0;0
Tidak_Sehat280.jpg;9.342.882.159.722.650;0.7168704788176644;0.612273064636433;0.9907504907994326;0.01568603515625;0.0;0.0;0
Tidak_Sehat281.jpg;10.523.525.721.009.700;0.7181044052528366;0.6120075886844344;0.9895840530182441;0.01568603515625;0.0;0.0;0
Tidak_Sehat282.jpg;8.163.381.096.032.980;0.6308298584159328;0.530501771318963;0.9882671214492079;0.02862548828125;0.0;0.0;0
Tidak_Sehat283.jpg;7.674.381.984.701.420;0.635752534209672;0.5303669230005988;0.9889691378814126;0.02862548828125;0.0;0.0;0
Tidak_Sehat284.jpg;8.167.180.670.298.790;0.6310091370360812;0.5307496306958918;0.9882623220283163;0.02880859375;0.0;0.0;0
Tidak_Sehat285.jpg;7.678.433.692.804.830;0.6362050970823223;0.5305746899812088;0.9889639368767708;0.02880859375;0.0;0.0;0
Tidak_Sehat286.jpg;8.629.608.934.217.810;0.7005940102442549;0.6157333637181707;0.9867744083680678;0.01031494140625;0.0;0.0;0
Tidak_Sehat287.jpg;8.319.533.914.067.760;0.7025965362672024;0.616043882510954;0.9872486713153704;0.01031494140625;0.0;0.0;0
Tidak_Sehat288.jpg;8.633.550.688.976.320;0.7009388380734757;0.6169160373681254;0.9867675633023469;0.01031494140625;0.0;0.0;0
Tidak_Sehat289.jpg;8.319.858.994.926.270;0.702822255266177;0.6172059728576468;0.9872473875479005;0.01031494140625;0.0;0.0;0
Tidak_Sehat29.jpg;8.632.953.970.074.540;0.696686836290631;0.6062091868294508;0.9877669904760197;0.0546875;0.0;0.0;0
Tidak_Sehat290.jpg;4.860.799.824.203.790;0.8242160484893865;0.7545983905917281;0.9868688425009714;0.0048828125;0.0;0.0;0
Tidak_Sehat291.jpg;55.480.298.653.305.300;0.8242436238549917;0.7545177111386984;0.9850186145816141;0.0048828125;0.0;0.0;0
Tidak_Sehat292.jpg;4.859.368.073.423.620;0.8242644400268052;0.7546582215814425;0.9868746742921491;0.0048828125;0.0;0.0;0
Tidak_Sehat293.jpg;554.776.785.022.317;0.824433948801324;0.7546389229089029;0.9850215754872851;0.0048828125;0.0;0.0;0
Tidak_Sehat294.jpg;47.104.141.479.116.100;0.8266067211766019;0.7788706573694991;0.9872475457622629;0.00445556640625;0.0;0.0;0
Tidak_Sehat295.jpg;5.118.408.030.566.030;0.8238860058438554;0.7786219135998639;0.9861465977133147;0.00445556640625;0.0;0.0;0
Tidak_Sehat296.jpg;47.118.941.748.299.900;0.826873757660677;0.7789536329532695;0.9872421747912007;0.0050048828125;0.0;0.0;0
Tidak_Sehat297.jpg;51.166.103.175.956.100;0.8242114455360827;0.7787053216967689;0.9861499536233254;0.0050048828125;0.0;0.0;0
Tidak_Sehat298.jpg;8.576.926.847.603.610;0.6331399951164108;0.542369441784225;0.98836759962203;0.037109375;0.0;0.0;0
Tidak_Sehat299.jpg;8.025.898.678.880.630;0.6381496015960237;0.5421279009220489;0.9891139625669892;0.037109375;0.0;0.0;0
Tidak_Sehat3.jpg;12.740.574.947.816.400;0.7135072945760427;0.6369954299638058;0.987535372866177;0.01019287109375;0.027587890625;6.0;0
Tidak_Sehat30.jpg;8.734.175.566.267.730;0.6891284365614917;0.6006925042412322;0.9877051378026289;0.0533447265625;0.0;0.0;0
Tidak_Sehat300.jpg;857.364.902.698.548;0.6330317583179642;0.5425958015351172;0.9883726153297866;0.0367431640625;0.0;0.0;0
Tidak_Sehat301.jpg;8.025.629.930.947.310;0.6383209480188955;0.5424555057431215;0.9891148656169176;0.0367431640625;0.0;0.0;0
Tidak_Sehat302.jpg;8.640.671.661.551.550;0.63850285198095;0.5509594908494918;0.987975656707984;0.03692626953125;0.001068115234375;1.0;0
Tidak_Sehat303.jpg;805.563.022.480.206;0.6427399896619256;0.5506141160089335;0.9887886482871701;0.03692626953125;0.001068115234375;1.0;0
Tidak_Sehat304.jpg;8.635.419.298.442.670;0.6386847173613424;0.5502845594161546;0.9879836783521344;0.03717041015625;0.001068115234375;1.0;0
Tidak_Sehat305.jpg;8.044.053.849.045.130;0.6431216683089426;0.5501444488977573;0.988805410206366;0.03717041015625;0.001068115234375;1.0;0
Tidak_Sehat306.jpg;106.217.164.960.371;0.6451566998158355;0.5410327823102805;0.9858498985071754;0.033447265625;0.0;0.0;0
Tidak_Sehat307.jpg;9.784.537.088.344.970;0.6474352167161703;0.5412837436601113;0.9869637660083147;0.033447265625;0.0;0.0;0
Tidak_Sehat308.jpg;10.627.277.067.574.900;0.6455362950903771;0.5411552189700098;0.9858438381136132;0.03326416015625;0.0;0.0;0
Tidak_Sehat309.jpg;9.787.605.254.897.960;0.6477502726222072;0.5414061431682339;0.9869609158385163;0.03326416015625;0.0;0.0;0
Tidak_Sehat31.jpg;11.533.709.467.419.200;0.5334746288913026;0.37919170846575173;0.9870264509995826;0.012939453125;0.0113525390625;3.0;0
Tidak_Sehat310.jpg;564.408.693.192.384;0.765355670419836;0.6956078448583437;0.9869769838280309;0.00054931640625;0.0;0.0;0
Tidak_Sehat311.jpg;6.266.840.977.431.930;0.7653333809242974;0.6951971480476002;0.9855440652226193;0.00054931640625;0.0;0.0;0
Tidak_Sehat312.jpg;5.646.374.575.040.780;0.7657007697007429;0.6964460227051452;0.9869747612744536;0.0006103515625;0.0;0.0;0
Tidak_Sehat313.jpg;6.268.020.885.000.060;0.7655166685408458;0.6961177032796391;0.9855447268282624;0.0006103515625;0.0;0.0;0
Tidak_Sehat314.jpg;1.408.118.233.267.710;0.5843027359504432;0.44971725140877616;0.9842096057230535;0.01959228515625;0.010894775390625;1.0;0
Tidak_Sehat315.jpg;1.156.756.917.211.750;0.5896804214200868;0.45061213223623825;0.9870270391895518;0.01959228515625;0.010894775390625;1.0;0
Tidak_Sehat316.jpg;1.407.642.453.357.810;0.5839506639214432;0.4501411657382288;0.9842162325519404;0.01922607421875;0.010528564453125;1.0;0
Tidak_Sehat317.jpg;11.570.375.388.146.600;0.5893719694890611;0.4510346634881732;0.987024957992035;0.01922607421875;0.010528564453125;1.0;0
Tidak_Sehat318.jpg;8.189.719.636.730.880;0.7208291424930641;0.6600747158829453;0.9853060883104355;0.02099609375;0.0006103515625;1.0;0
Tidak_Sehat319.jpg;6.328.289.913.871.470;0.7264917491609576;0.6604501652275668;0.9886389364030892;0.02099609375;0.0006103515625;1.0;0
Tidak_Sehat32.jpg;1.209.021.245.698.770;0.5295789898352389;0.37724960490795806;0.9864584967727307;0.012451171875;0.012176513671875;4.0;0
Tidak_Sehat320.jpg;8.194.963.361.801.660;0.7207476832871876;0.6590737584167058;0.9852973402502366;0.02099609375;0.0006103515625;1.0;0
Tidak_Sehat321.jpg;6.332.921.904.385.440;0.7263359577743603;0.6594489853276303;0.9886311337954057;0.02099609375;0.0006103515625;1.0;0
Tidak_Sehat322.jpg;574.250.822.147.475;0.8516622879371828;0.8025395312577256;0.9873500894756395;0.01239013671875;0.0;0.0;0
Tidak_Sehat323.jpg;7.135.415.407.289.100;0.848448962578324;0.8017536937046632;0.984293016316637;0.01239013671875;0.0;0.0;0
Tidak_Sehat324.jpg;5.748.681.657.779.960;0.8515561044726808;0.8024588360623777;0.9873366185380134;0.012939453125;0.0;0.0;0
Tidak_Sehat325.jpg;7.140.596.841.610.310;0.8484681688895804;0.8016938458649737;0.9842817513074572;0.012939453125;0.0;0.0;0
Tidak_Sehat326.jpg;5.599.288.580.868.790;0.8570160669926886;0.8134775257946645;0.9884901451105552;0.01080322265625;0.0;0.0;0
Tidak_Sehat327.jpg;7.967.817.317.926.230;0.8533360698101328;0.8125054653115082;0.9836407886259314;0.01080322265625;0.0;0.0;0
Tidak_Sehat328.jpg;5.596.362.304.182.900;0.857326478327321;0.813620075782786;0.9884971955429794;0.0108642578125;0.0;0.0;0
Tidak_Sehat329.jpg;7.960.786.633.031.530;0.8537095518658367;0.8126481423183921;0.9836566730481229;0.0108642578125;0.0;0.0;0
Tidak_Sehat33.jpg;12.079.556.783.072.200;0.5264082404509832;0.37407407314658836;0.9863905457092504;0.01446533203125;0.012420654296875;3.0;0
Tidak_Sehat330.jpg;1.223.454.041.439.380;0.5060577040212827;0.37059143538032674;0.9840449830171994;0.01947021484375;0.0;0.0;0
Tidak_Sehat331.jpg;1.149.872.707.610.040;0.5050655692638654;0.3709979602255941;0.9850054232869714;0.01947021484375;0.0;0.0;0
Tidak_Sehat332.jpg;12.232.076.135.506.900;0.5056618407529575;0.3692928461835878;0.9840460798976348;0.01922607421875;0.0;0.0;0
Tidak_Sehat333.jpg;11.494.167.193.022.200;0.505167651058879;0.36974056187583315;0.9850093817892409;0.01922607421875;0.0;0.0;0
Tidak_Sehat334.jpg;9.377.054.190.045.840;0.555098273955986;0.3434174344282926;0.9871918163647163;0.01873779296875;0.002166748046875;1.0;0
Tidak_Sehat335.jpg;9.274.770.518.811.830;0.5505049180444964;0.34324411305038266;0.9873314269974768;0.01873779296875;0.002166748046875;1.0;0
Tidak_Sehat336.jpg;937.532.047.928.676;0.5550983473182557;0.34396516299792196;0.9871938004763884;0.0189208984375;0.002166748046875;1.0;0
Tidak_Sehat337.jpg;927.328.894.189.035;0.5506140869638677;0.3437941775714652;0.9873330710947528;0.0189208984375;0.002166748046875;1.0;0
Tidak_Sehat338.jpg;8.413.207.495.685.790;0.6909027278380165;0.5910644798090718;0.9901631420006437;0.0172119140625;0.0;0.0;0
Tidak_Sehat339.jpg;8.615.026.165.989.800;0.6904309862815738;0.5910830558408091;0.9899275170154352;0.0172119140625;0.0;0.0;0
Tidak_Sehat34.jpg;10.387.122.154.452.500;0.7226176291689761;0.6299492775526604;0.9905560056129454;0.0010986328125;0.028167724609375;5.0;0
Tidak_Sehat340.jpg;8.413.428.920.086.970;0.6913375179273084;0.591249161977768;0.9901626103110632;0.01708984375;0.0;0.0;0
Tidak_Sehat341.jpg;8.611.837.583.570.960;0.6908620044210224;0.5913287454080324;0.9899309599031785;0.01708984375;0.0;0.0;0
Tidak_Sehat342.jpg;9.400.305.108.422.680;0.6427786648515439;0.523404571864357;0.9878742820768686;0.00311279296875;0.0;0.0;0
Tidak_Sehat343.jpg;9.846.544.800.902.040;0.6389401308679449;0.5231095027448025;0.9872994161086163;0.00311279296875;0.0;0.0;0
Tidak_Sehat344.jpg;9.402.236.686.765.000;0.6426389153890418;0.5232442520045651;0.987872106103871;0.0028076171875;0.0;0.0;0
Tidak_Sehat345.jpg;9.846.058.374.408.350;0.6387632367165132;0.5230087660834274;0.9873003698964009;0.0028076171875;0.0;0.0;0
Tidak_Sehat346.jpg;9.957.749.175.914.970;0.6516644178356188;0.5446823159974751;0.9878632962155595;0.00128173828125;0.0;0.0;0
Tidak_Sehat347.jpg;9.941.013.275.776.490;0.6546319090041056;0.5446863729595481;0.9878836660562511;0.00128173828125;0.0;0.0;0
Tidak_Sehat348.jpg;9.957.353.279.289.860;0.652175203478675;0.5442541493259814;0.987861889639665;0.001220703125;0.0;0.0;0
Tidak_Sehat349.jpg;9.944.771.387.459.410;0.654878403098497;0.5441144609635523;0.9878772058739029;0.001220703125;0.0;0.0;0
Tidak_Sehat35.jpg;10.328.952.039.674.800;0.729232534508502;0.6325199440090369;0.9905010265262257;0.0008544921875;0.02703857421875;6.0;0
Tidak_Sehat350.jpg;993.357.847.601.103;0.653696794231496;0.5396362501792055;0.9874606115755045;0.00634765625;0.0;0.0;0
Tidak_Sehat351.jpg;888.163.890.546.524;0.6596729856383644;0.540138049687124;0.9887866257533692;0.00634765625;0.0;0.0;0
Tidak_Sehat352.jpg;9.925.506.221.324.840;0.6534865826349584;0.5398793592014594;0.9874712358685546;0.00653076171875;0.0;0.0;0
Tidak_Sehat353.jpg;8.877.737.192.453.490;0.659761304408012;0.5403395011643832;0.9887919469673153;0.00653076171875;0.0;0.0;0
Tidak_Sehat354.jpg;7.671.388.912.569.450;0.7238970286236551;0.6600163846772752;0.9853276829192875;0.02227783203125;0.0;0.0;0
Tidak_Sehat355.jpg;6.468.192.644.718.590;0.7267626191611737;0.6603699805048647;0.9876242305006601;0.02227783203125;0.0;0.0;0
Tidak_Sehat356.jpg;7.675.984.768.636.170;0.7243602958233947;0.6597312710303403;0.9853208410692081;0.02252197265625;0.0;0.0;0
Tidak_Sehat357.jpg;6.471.090.892.181.760;0.7269067208635246;0.6600435852548997;0.9876200844048952;0.02252197265625;0.0;0.0;0
Tidak_Sehat358.jpg;6.643.926.119.102.180;0.7430303732081082;0.6771939883739643;0.9884404659666687;0.00909423828125;0.0;0.0;0
Tidak_Sehat359.jpg;68.482.537.277.574;0.7453674134483442;0.6768874326996231;0.9880858675502108;0.00909423828125;0.0;0.0;0
Tidak_Sehat36.jpg;7.806.020.890.166.710;0.7164533951172373;0.6217207620824988;0.9898992836815413;0.00927734375;0.0;0.0;0
Tidak_Sehat360.jpg;66.449.960.410.337;0.7430106269017136;0.6781333039760719;0.9884380365050566;0.00909423828125;0.0;0.0;0
Tidak_Sehat361.jpg;6.846.202.976.780.900;0.7455660679229331;0.6778477061651399;0.9880888364703923;0.00909423828125;0.0;0.0;0
Tidak_Sehat362.jpg;40.352.451.006.984.900;0.8587581409397705;0.7319946218394252;0.9852681233799271;0.007080078125;0.0;0.0;0
Tidak_Sehat363.jpg;45.088.847.146.443.700;0.8568646547135232;0.7312605759371169;0.9835453761453055;0.007080078125;0.0;0.0;0
Tidak_Sehat364.jpg;4.032.190.819.589.930;0.8589856322508215;0.7325516754723388;0.985273710241322;0.0068359375;0.0;0.0;0
Tidak_Sehat365.jpg;4.506.004.033.883.010;0.8571118580526855;0.7318950465157205;0.9835496804663886;0.0068359375;0.0;0.0;0
Tidak_Sehat366.jpg;9.092.611.183.659.840;0.6139498004681264;0.5048424746100877;0.9895333939109787;0.04302978515625;0.001953125;1.0;0
Tidak_Sehat367.jpg;113.947.625.879.626;0.6046088662020426;0.5043542535755475;0.9868859412151552;0.04302978515625;0.001953125;1.0;0
Tidak_Sehat368.jpg;659.682.449.573.228;0.6472994023650775;0.536628133975748;0.9878149150699035;0.00360107421875;0.0;0.0;0
Tidak_Sehat369.jpg;7.117.799.137.681.550;0.6465517628391416;0.5366275680685542;0.9868536161772264;0.00360107421875;0.0;0.0;0
Tidak_Sehat37.jpg;7.714.902.698.555.330;0.7171473823744626;0.6228558197060602;0.9900633406106575;0.00921630859375;0.0008544921875;1.0;0
Tidak_Sehat370.jpg;6.599.802.891.272.400;0.6470366921839329;0.5362206203969183;0.9878104002853476;0.00341796875;0.0;0.0;0
Tidak_Sehat371.jpg;712.112.886.725.768;0.646315024929211;0.5363427155316031;0.9868485307253794;0.00341796875;0.0;0.0;0
Tidak_Sehat372.jpg;6.471.469.545.022.400;0.769075634958002;0.6999362427880436;0.9887602622694053;0.00799560546875;0.0;0.0;0
Tidak_Sehat373.jpg;6.440.514.949.779.860;0.7715212950150089;0.6996513342633902;0.9888138818225672;0.00799560546875;0.0;0.0;0
Tidak_Sehat374.jpg;6.471.594.255.688.480;0.7691785969556338;0.7001206644604469;0.9887612672920607;0.00787353515625;0.0;0.0;0
Tidak_Sehat375.jpg;6.442.309.530.452.360;0.7716689225334551;0.6998153985611374;0.9888119887647657;0.00787353515625;0.0;0.0;0
Tidak_Sehat376.jpg;7.242.665.805.123.220;0.7183944682670433;0.6364730157678348;0.9872299672253274;0.00323486328125;0.0;0.0;0
Tidak_Sehat377.jpg;6.509.894.606.247.490;0.7176011024550705;0.6364310826176268;0.988519242295506;0.00323486328125;0.0;0.0;0
Tidak_Sehat378.jpg;366.955.764.849.026;0.8889825869080269;0.8577606940677324;0.9851513075068287;0.007568359375;0.0;0.0;0
Tidak_Sehat379.jpg;4.385.084.546.210.710;0.8866199211158796;0.8572638051194486;0.9822672071581193;0.007568359375;0.0;0.0;0
Tidak_Sehat38.jpg;7.341.926.195.310.650;0.7157165808565683;0.6206035295387929;0.9904889169292103;0.00872802734375;0.0;0.0;0
Tidak_Sehat380.jpg;36.703.825.892.026.400;0.8891492156109843;0.8580877765191626;0.9851497532643686;0.008056640625;0.0;0.0;0
Tidak_Sehat381.jpg;4.385.285.352.341.490;0.8867742449418613;0.8576934758146292;0.9822685154495908;0.008056640625;0.0;0.0;0
Tidak_Sehat382.jpg;898.647.309.065.445;0.611833454411349;0.5085593219245409;0.9880101201563537;0.02032470703125;0.0;0.0;0
Tidak_Sehat383.jpg;9.720.471.891.985.350;0.613277786030395;0.5081083576875663;0.9870318481993281;0.02032470703125;0.0;0.0;0
Tidak_Sehat384.jpg;8.984.724.864.762.150;0.6114232795526361;0.5078456138582838;0.9880127494761104;0.02020263671875;0.0;0.0;0
Tidak_Sehat385.jpg;9.718.541.799.062.670;0.6126973258180167;0.5073110874584835;0.9870347432624769;0.02020263671875;0.0;0.0;0
Tidak_Sehat386.jpg;7.564.934.086.118.110;0.7190601904454631;0.6289846925033696;0.9883343709670654;0.0009765625;0.0;0.0;0
Tidak_Sehat387.jpg;757.401.090.427.175;0.7204263419085587;0.628944726053351;0.98832040477387;0.0009765625;0.0;0.0;0
Tidak_Sehat388.jpg;10.041.382.677.036.100;0.6297142227352346;0.5498658860875697;0.9874361472283525;0.0382080078125;0.0;0.0;0
Tidak_Sehat389.jpg;11.387.161.501.927.000;0.6253171807892811;0.549820999515772;0.9857548180725321;0.0382080078125;0.0;0.0;0
Tidak_Sehat39.jpg;13.731.535.943.280.900;0.5121882217357524;0.2778795489803211;0.9868395205917126;0.00164794921875;0.01361083984375;3.0;0
Tidak_Sehat390.jpg;532.525.571.821.973;0.6991964761756043;0.5949041466101894;0.9902112082579221;0.03033447265625;0.0;0.0;0
Tidak_Sehat391.jpg;4.944.306.289.654.210;0.7027265133051922;0.5956710277099028;0.9909103360752366;0.03033447265625;0.0;0.0;0
Tidak_Sehat392.jpg;5.323.714.546.908.210;0.6996527337561983;0.5948591770205028;0.990214410663706;0.03045654296875;0.0;0.0;0
Tidak_Sehat393.jpg;4.942.326.984.133.090;0.7030750308220709;0.5956242954665506;0.9909143158789365;0.03045654296875;0.0;0.0;0
Tidak_Sehat394.jpg;55.124.432.472.822.900;0.7567621491801783;0.674992223100712;0.9900444339691412;0.02838134765625;0.0;0.0;0
Tidak_Sehat395.jpg;4.703.130.828.657.460;0.759171349952807;0.6755711859698849;0.9915036047904658;0.02838134765625;0.0;0.0;0
Tidak_Sehat396.jpg;5.510.321.341.475.970;0.7564830340259711;0.6746650351823611;0.9900489276605048;0.02935791015625;0.0;0.0;0
Tidak_Sehat397.jpg;470.033.518.817.034;0.7587557032078811;0.6751001750754972;0.9915092187873719;0.02935791015625;0.0;0.0;0
Tidak_Sehat398.jpg;5.042.712.773.446.350;0.7776854877507514;0.6194593492153052;0.9913420785261823;0.02496337890625;0.0;0.0;0
Tidak_Sehat399.jpg;38.116.217.779.310.400;0.7798152394396553;0.6197914751916728;0.9934532457553895;0.02496337890625;0.0;0.0;0
Tidak_Sehat4.jpg;1.077.410.154.716.130;0.6609637716766297;0.5698479518936707;0.9905758113380193;0.0035400390625;0.080963134765625;4.0;0
Tidak_Sehat40.jpg;12.569.479.696.251.600;0.5189082815390379;0.2742513974996088;0.9879985204760295;0.00238037109375;0.014007568359375;4.0;0
Tidak_Sehat400.jpg;50.402.153.955.349.300;0.777266494896808;0.6191951952130362;0.9913475944587063;0.0250244140625;0.0;0.0;0
Tidak_Sehat401.jpg;3.808.574.665.586.820;0.7795600687469388;0.6195278058679102;0.9934594041131805;0.0250244140625;0.0;0.0;0
Tidak_Sehat402.jpg;52.181.218.128.060.800;0.6913654529926947;0.5977198381608204;0.99043874735183;0.007568359375;0.003021240234375;3.0;0
Tidak_Sehat403.jpg;5.256.863.623.623.030;0.690481547617741;0.5971627706979216;0.9903676904526412;0.007568359375;0.003021240234375;3.0;0
Tidak_Sehat404.jpg;5.218.649.847.195.480;0.6911923589491694;0.5975366921438049;0.9904375987799563;0.00830078125;0.003082275390625;3.0;0
Tidak_Sehat405.jpg;5.260.772.731.441.250;0.6901904032024939;0.5970207396371278;0.9903603394705124;0.00830078125;0.003082275390625;3.0;0
Tidak_Sehat406.jpg;5.069.506.579.117.280;0.7009806690493069;0.6188564580652646;0.9880318796201187;0.00811767578125;0.0;0.0;0
Tidak_Sehat407.jpg;5.153.628.347.360.800;0.7007488624203363;0.6184645549480376;0.9878330679242463;0.00811767578125;0.0;0.0;0
Tidak_Sehat408.jpg;5.063.229.599.375.820;0.7014231413275921;0.6186311808862922;0.9880487548464431;0.00830078125;0.0;0.0;0
Tidak_Sehat409.jpg;5.149.471.771.860.150;0.7009988740946821;0.6183416958702129;0.9878449668990094;0.00830078125;0.0;0.0;0
Tidak_Sehat41.jpg;1.448.483.160.508.060;0.4964471422964705;0.25992012362397415;0.9858299015883674;0.00091552734375;0.0140380859375;4.0;0
Tidak_Sehat410.jpg;9.009.693.574.074.850;0.5853310948528968;0.4433480289846668;0.9876316081444679;0.01873779296875;0.0;0.0;0
Tidak_Sehat411.jpg;811.437.458.343.687;0.5872348978735459;0.4436660667653729;0.9888606456737282;0.01873779296875;0.0;0.0;0
Tidak_Sehat412.jpg;9.006.032.434.460.930;0.5855267540124506;0.44387664317926045;0.9876364048685294;0.0189208984375;0.0;0.0;0
Tidak_Sehat413.jpg;8.113.313.315.689.330;0.5873603399606478;0.4441947286234167;0.9888618957124654;0.0189208984375;0.0;0.0;0
Tidak_Sehat414.jpg;7.311.900.003.487.710;0.5680477721547662;0.41658568492984815;0.9884815870455386;0.01971435546875;0.0;0.0;0
Tidak_Sehat415.jpg;6.818.668.350.357.720;0.5697549036512113;0.4166700650647422;0.9892589548941836;0.01971435546875;0.0;0.0;0
Tidak_Sehat416.jpg;7.317.156.693.688.600;0.5679250493540642;0.4164429088428923;0.9884734315923125;0.01947021484375;0.0;0.0;0
Tidak_Sehat417.jpg;6.818.076.362.194.580;0.5696483959611117;0.41648752794477767;0.9892600089089614;0.01947021484375;0.0;0.0;0
Tidak_Sehat418.jpg;5.882.104.939.730.670;0.8191152247633298;0.7700888258097746;0.981977219502378;0.00604248046875;0.0;0.0;0
Tidak_Sehat419.jpg;5.596.474.501.803.130;0.8210970624261457;0.7703784904556042;0.9828497585036153;0.00604248046875;0.0;0.0;0
Tidak_Sehat42.jpg;840.201.715.143.005;0.7410553238368;0.6533680004696246;0.9887610087580748;0.00042724609375;0.01123046875;2.0;0
Tidak_Sehat420.jpg;58.876.645.102.248.100;0.8193291003581623;0.770663435068693;0.9819626107379781;0.006103515625;0.0;0.0;0
Tidak_Sehat421.jpg;56.025.466.066.556.800;0.8214512361689544;0.7709944121203006;0.9828334664887056;0.006103515625;0.0;0.0;0
Tidak_Sehat422.jpg;6.297.547.313.844.590;0.7698274681247051;0.6923355921674736;0.9880630770385658;0.0079345703125;0.0;0.0;0
Tidak_Sehat423.jpg;61.015.525.218.550.100;0.7688118938681715;0.6919842796536706;0.9884336322641137;0.0079345703125;0.0;0.0;0
Tidak_Sehat424.jpg;62.994.061.550.622.700;0.7695332269021544;0.6917227560972062;0.9880605847035443;0.0078125;0.0;0.0;0
Tidak_Sehat425.jpg;6.103.477.496.538.290;0.7685552333716158;0.6913923970015389;0.9884309828638571;0.0078125;0.0;0.0;0
Tidak_Sehat426.jpg;4.452.551.628.019.900;0.8177006013811652;0.7698274481214381;0.9859173142975276;0.0045166015625;0.0;0.0;0
Tidak_Sehat427.jpg;6.023.576.903.403.770;0.813526893549075;0.7690814199327368;0.9809663204445411;0.0045166015625;0.0;0.0;0
Tidak_Sehat428.jpg;44.513.692.016.967.100;0.8178464079127185;0.7699499969123762;0.9859213688216014;0.00421142578125;0.0;0.0;0
Tidak_Sehat429.jpg;602.464.301.491.099;0.8136117006219106;0.7691832941894612;0.9809634047474475;0.00421142578125;0.0;0.0;0
Tidak_Sehat43.jpg;8.501.390.627.260.310;0.7361279493295309;0.6493052166149021;0.9885547585513406;0.00067138671875;0.011474609375;2.0;0
Tidak_Sehat430.jpg;5.044.712.325.882.960;0.787126251685725;0.7291600203687084;0.9878489787293154;0.006591796875;0.0;0.0;0
Tidak_Sehat431.jpg;5.688.864.680.854.330;0.7849210227198742;0.7288280165739707;0.9863021381602429;0.006591796875;0.0;0.0;0
Tidak_Sehat432.jpg;50.492.704.329.158.300;0.78710499743986;0.7289966311539048;0.9878387547021795;0.00701904296875;0.0;0.0;0
Tidak_Sehat433.jpg;5.693.369.054.446.400;0.7849941115665878;0.7286234948041782;0.9862921388150587;0.00701904296875;0.0;0.0;0
Tidak_Sehat434.jpg;7.100.250.826.022.430;0.632123209395297;0.5382891615570138;0.9884623104294397;0.00909423828125;0.0;0.0;0
Tidak_Sehat435.jpg;7.111.890.315.968.070;0.636094375846904;0.5378889455370531;0.9884434163245985;0.00909423828125;0.0;0.0;0
Tidak_Sehat436.jpg;7.093.981.693.171.670;0.6316216689843098;0.5376545964679929;0.9884719051478287;0.00958251953125;0.0;0.0;0
Tidak_Sehat437.jpg;7.103.943.046.427.710;0.635537217473343;0.5373359714904392;0.9884557342523163;0.00958251953125;0.0;0.0;0
Tidak_Sehat438.jpg;6.086.983.994.280.460;0.6537428743157734;0.5618124978064784;0.9888153835719203;0.0106201171875;0.0;0.0;0
Tidak_Sehat439.jpg;8.566.501.219.981.520;0.6477554029755499;0.5599923705182022;0.9842673881643679;0.0106201171875;0.0;0.0;0
Tidak_Sehat44.jpg;8.634.536.055.009.510;0.7364838682410393;0.6472489609842556;0.988312094353229;0.00054931640625;0.0118408203125;3.0;0
Tidak_Sehat440.jpg;6.089.295.210.361.220;0.6540045762087412;0.5617107468731651;0.98881136193082;0.01055908203125;0.0;0.0;0
Tidak_Sehat441.jpg;8.572.300.976.372.700;0.6479419565315139;0.559952008797395;0.9842570637666263;0.01055908203125;0.0;0.0;0
Tidak_Sehat442.jpg;5.810.497.202.244.380;0.716654642880081;0.6369105450673997;0.9905342267951692;0.00640869140625;0.0;0.0;0
Tidak_Sehat443.jpg;7.578.211.671.006.630;0.7121968753345468;0.6360184749333094;0.9876592879422731;0.00640869140625;0.0;0.0;0
Tidak_Sehat444.jpg;5.812.825.355.338.190;0.7170692278869532;0.6373796121584997;0.9905288590944838;0.00640869140625;0.0;0.0;0
Tidak_Sehat445.jpg;758.375.143.052.366;0.7123429747916957;0.636405005872649;0.9876482162641885;0.00640869140625;0.0;0.0;0
Tidak_Sehat446.jpg;12.199.709.245.251.700;0.6021532662090284;0.5014690932649303;0.9856581830144885;0.00860595703125;0.0;0.0;0
Tidak_Sehat447.jpg;7.701.364.648.562.640;0.61426566109786;0.5030829725914693;0.9909432844054216;0.00860595703125;0.0;0.0;0
Tidak_Sehat448.jpg;12.201.092.203.226;0.6019952353065819;0.5014692659620988;0.9856544688978498;0.0086669921875;0.0;0.0;0
Tidak_Sehat449.jpg;7.702.371.472.451.300;0.6141933711459973;0.5031233464243278;0.9909407824611707;0.0086669921875;0.0;0.0;0
Tidak_Sehat45.jpg;1.280.498.899.174.870;0.6178084622342913;0.4430496225369123;0.9891101287057517;0.00054931640625;0.0106201171875;2.0;0
Tidak_Sehat450.jpg;6.714.165.187.705.300;0.8781956264894205;0.8531840893581828;0.978734617556956;0.021728515625;0.0;0.0;0
Tidak_Sehat451.jpg;63.495.961.919.006.400;0.8782801318208824;0.8532046325372545;0.9798859610472256;0.021728515625;0.0;0.0;0
Tidak_Sehat452.jpg;6.708.243.788.362.500;0.878006215247093;0.8526916479527467;0.9787419324163561;0.02117919921875;0.0;0.0;0
Tidak_Sehat453.jpg;6.340.921.987.052.220;0.8781433772254038;0.8526710743760679;0.9799025954675988;0.02117919921875;0.0;0.0;0
Tidak_Sehat454.jpg;56.046.608.270.299.100;0.8425410364737965;0.7932407059618116;0.9804735694845822;0.0186767578125;0.0;0.0;0
Tidak_Sehat455.jpg;48.285.970.082.356.200;0.8437763527441003;0.793428096857235;0.983173675324362;0.0186767578125;0.0;0.0;0
Tidak_Sehat456.jpg;560.256.084.730.913;0.8427878281914479;0.7937882904065313;0.9804760661883106;0.0191650390625;0.0;0.0;0
Tidak_Sehat457.jpg;4.825.207.425.935.620;0.8442696485625222;0.7941192185358404;0.9831813055013573;0.0191650390625;0.0;0.0;0
Tidak_Sehat458.jpg;5.289.934.748.098.620;0.8749546974538335;0.8484914022207585;0.9780237281130009;0.01556396484375;0.0;0.0;0
Tidak_Sehat459.jpg;41.337.481.690.588.000;0.8777400616719578;0.8491523629773489;0.9828176530833765;0.01556396484375;0.0;0.0;0
Tidak_Sehat46.jpg;10.464.113.327.184.900;0.6299977299632903;0.43658800294454697;0.9910870971451692;0.00103759765625;0.011566162109375;3.0;0
Tidak_Sehat460.jpg;52.911.590.406.513.700;0.8745445767299769;0.8471391645842677;0.9780157079965189;0.015869140625;0.0;0.0;0
Tidak_Sehat461.jpg;413.610.499.720.996;0.8771475832536478;0.8477178768051529;0.9828055520689324;0.015869140625;0.0;0.0;0
Tidak_Sehat462.jpg;8.589.658.863.692.640;0.8768538125660728;0.8490977923969077;0.9843168739505853;0.03521728515625;0.015869140625;3.0;0
Tidak_Sehat463.jpg;874.091.436.620.364;0.8775762767814658;0.8489529254112836;0.9840416694170396;0.03521728515625;0.015869140625;3.0;0
Tidak_Sehat464.jpg;8.601.064.238.586.720;0.8767411321019604;0.8493842694327972;0.9842909780050538;0.03515625;0.015167236328125;3.0;0
Tidak_Sehat465.jpg;8.749.170.134.798.500;0.877404029058348;0.8491981689872672;0.9840214169000486;0.03515625;0.015167236328125;3.0;0
Tidak_Sehat466.jpg;63.347.700.247.482.800;0.7750441061219852;0.719310145516778;0.9863014958444801;0.0408935546875;0.0;0.0;0
Tidak_Sehat467.jpg;5.424.961.346.797.610;0.7753423559373934;0.7201314186094017;0.9882676986558333;0.04119873046875;0.0;0.0;0
Tidak_Sehat468.jpg;6.333.899.698.007.640;0.7749412804962893;0.7197599416091865;0.9863052042143897;0.04119873046875;0.0;0.0;0
Tidak_Sehat469.jpg;38.832.565.113.046.500;0.860747477071835;0.8288919629955203;0.9800255884800871;0.01861572265625;0.0;0.0;0
Tidak_Sehat47.jpg;12.638.211.096.213.800;0.6099064082611635;0.4145763571153766;0.9892258441589746;0.00048828125;0.012786865234375;3.0;0
Tidak_Sehat470.jpg;40.800.821.049.558.300;0.8612937418923838;0.8289949127325441;0.9790164231837307;0.01861572265625;0.0;0.0;0
Tidak_Sehat471.jpg;6.436.025.640.280.370;0.712606183495298;0.6358345626599907;0.9911077728201763;0.00567626953125;0.0;0.0;0
Tidak_Sehat472.jpg;6.586.987.675.537.760;0.715862460239359;0.6361252220985995;0.9908994903752631;0.00567626953125;0.0;0.0;0
Tidak_Sehat473.jpg;3.753.549.652.411.760;0.8841708014024751;0.8608139633688529;0.9833844752513597;0.0159912109375;0.0;0.0;0
Tidak_Sehat474.jpg;56.682.457.484.706.000;0.8822393488833615;0.8601929517130228;0.974942875019452;0.0159912109375;0.0;0.0;0
Tidak_Sehat475.jpg;3.750.316.087.611.300;0.8842108500958753;0.8610587817720049;0.9833967255814433;0.01611328125;0.0;0.0;0
Tidak_Sehat476.jpg;56.641.772.486.669.400;0.8822396674918126;0.8603967946459893;0.9749577593254077;0.01611328125;0.0;0.0;0
Tidak_Sehat477.jpg;46.522.768.576.786.500;0.8665084644636195;0.8400158557037672;0.9811061787078553;0.02069091796875;0.0;0.0;0
Tidak_Sehat478.jpg;5.150.637.987.734.250;0.8654268640557207;0.839664668861441;0.979089612203219;0.02069091796875;0.0;0.0;0
Tidak_Sehat479.jpg;4.653.132.685.431.980;0.8662824817052481;0.8402608728473727;0.9811088314894598;0.0206298828125;0.0;0.0;0
Tidak_Sehat48.jpg;13.018.813.889.190.900;0.49032275743924264;0.31418919677099316;0.9881125810317887;0.01177978515625;0.09490966796875;2.0;0
Tidak_Sehat480.jpg;5.155.060.889.288.390;0.8653647163082042;0.8399092354710711;0.9790784929473846;0.0206298828125;0.0;0.0;0
Tidak_Sehat481.jpg;51.248.885.612.354.100;0.9093888095903884;0.8915437594378982;0.9764617535391563;0.024169921875;0.0;0.0;0
Tidak_Sehat482.jpg;5.305.536.062.113.750;0.9094681285303293;0.8912147166717919;0.9756461914301603;0.0235595703125;0.0;0.0;0
Tidak_Sehat483.jpg;6.901.769.328.538.600;0.6250249812953915;0.49147893073792165;0.9905921533720492;0.0062255859375;0.0;0.0;0
Tidak_Sehat484.jpg;6.749.492.890.652.400;0.620604575828861;0.49168243745025103;0.9907994916655588;0.0062255859375;0.0;0.0;0
Tidak_Sehat485.jpg;8.886.246.596.451.490;0.745436776821952;0.6549948042129526;0.9897443947674914;0.0050048828125;0.0;0.0;0
Tidak_Sehat486.jpg;8.194.693.080.011.120;0.7426139115398255;0.6550159820447944;0.9905407612799119;0.0050048828125;0.0;0.0;0
Tidak_Sehat487.jpg;6.873.441.843.237.820;0.6756640431536013;0.5674664027695032;0.9925035388957527;0.00921630859375;0.0;0.0;0
Tidak_Sehat488.jpg;9.089.644.542.309.830;0.6782827645188206;0.5665422229026472;0.9900901050792013;0.00921630859375;0.0;0.0;0
Tidak_Sehat489.jpg;686.755.016.843.364;0.6751274872301881;0.5665483368134551;0.9925094166530041;0.00921630859375;0.0;0.0;0
Tidak_Sehat49.jpg;12.919.728.504.041.000;0.49776143483838214;0.3192150801141925;0.9881420756420468;0.01190185546875;0.084625244140625;3.0;0
Tidak_Sehat490.jpg;9.084.521.669.043.250;0.6775745588547871;0.5656855320833009;0.9900949715868584;0.00921630859375;0.0;0.0;0
Tidak_Sehat491.jpg;10.308.771.499.834.500;0.6271549896374187;0.5258981592595564;0.9877000062478031;0.0155029296875;0.0;0.0;0
Tidak_Sehat492.jpg;751.893.125.348.747;0.6374539007632873;0.5266734132058328;0.9910249377147858;0.0155029296875;0.0;0.0;0
Tidak_Sehat493.jpg;10.310.656.836.417.700;0.626715103065438;0.5254517471798965;0.9876984144086097;0.01556396484375;0.0;0.0;0
Tidak_Sehat494.jpg;7.519.630.321.031.430;0.6372215023860512;0.5262667743853398;0.9910245788938022;0.01556396484375;0.0;0.0;0
Tidak_Sehat495.jpg;7.210.945.476.057.550;0.7546255549437774;0.6934672246153957;0.9884518897081733;0.0096435546875;0.0;0.0;0
Tidak_Sehat496.jpg;60.462.896.800.793.200;0.7602495170859608;0.6940476842475487;0.9903124891877928;0.0096435546875;0.0;0.0;0
Tidak_Sehat497.jpg;7.211.037.200.720.170;0.754557403995746;0.6927294360821996;0.9884505298338239;0.0098876953125;0.0;0.0;0
Tidak_Sehat498.jpg;11.865.814.568.608.300;0.6513706467758466;0.5444111185537807;0.9893966709215892;0.0284423828125;0.0035400390625;1.0;0
Tidak_Sehat499.jpg;1.487.464.338.626.580;0.642544930287395;0.5438658098991672;0.9867115449318269;0.0284423828125;0.0035400390625;1.0;0
Tidak_Sehat5.jpg;10.740.592.385.351.300;0.6589439693020142;0.568728487585524;0.9906250060496982;0.00372314453125;0.082244873046875;4.0;0
Tidak_Sehat50.jpg;13.145.298.469.243.400;0.4988105156745058;0.32052912767132985;0.9880407113035091;0.01397705078125;0.088043212890625;2.0;0
Tidak_Sehat500.jpg;821.337.053.663.691;0.7855535233828933;0.6830623727039319;0.9902210108076023;0.01904296875;0.0006103515625;1.0;0
Tidak_Sehat501.jpg;12.330.414.370.724.400;0.7795433993896372;0.6825327175266366;0.9853365160074756;0.01904296875;0.0006103515625;1.0;0
Tidak_Sehat502.jpg;767.946.746.414.321;0.8135494865473228;0.767709214325162;0.9860020422868501;0.01397705078125;0.0;0.0;0
Tidak_Sehat503.jpg;759.818.530.157.887;0.8128176682540026;0.7679574867157434;0.986149751851641;0.01397705078125;0.0;0.0;0
Tidak_Sehat504.jpg;11.018.949.094.668.900;0.6730500705800854;0.5189070884996286;0.9844512735759899;0.0162353515625;0.0;0.0;0
Tidak_Sehat505.jpg;9.817.841.359.120.130;0.6727036625282662;0.5182464263490915;0.9861436618907465;0.0162353515625;0.0;0.0;0
Tidak_Sehat506.jpg;11.019.788.146.867.800;0.6728815416739676;0.5185371812152457;0.9844487542795747;0.01641845703125;0.0;0.0;0
Tidak_Sehat507.jpg;981.680.387.423.266;0.6725963671561767;0.5178575093574128;0.9861439331900811;0.01641845703125;0.0;0.0;0
Tidak_Sehat508.jpg;9.579.164.551.558.170;0.7298221776829642;0.5993180590905864;0.9846183368219724;0.017333984375;0.0;0.0;0
Tidak_Sehat509.jpg;7.488.293.036.481.870;0.7367490842896459;0.5998303430701402;0.987971679710292;0.017333984375;0.0;0.0;0
Tidak_Sehat51.jpg;10.966.115.075.459.900;0.3980378107073718;0.20412088627202776;0.986746889663855;0.01116943359375;0.0;0.0;0
Tidak_Sehat510.jpg;9.572.917.215.626.010;0.7296362130441497;0.5989330133699795;0.9846292177054324;0.017578125;0.0;0.0;0
Tidak_Sehat511.jpg;748.686.517.685.532;0.7365430787912436;0.5994651055512706;0.9879746591102455;0.017578125;0.0;0.0;0
Tidak_Sehat512.jpg;9.991.948.250.563.080;0.7047560475129292;0.6408453865310487;0.9834617414606385;0.01617431640625;0.0;0.0;0
Tidak_Sehat513.jpg;8.083.749.767.499.490;0.7116080330834632;0.6413256687550491;0.986613596659074;0.01617431640625;0.0;0.0;0
Tidak_Sehat514.jpg;999.325.913.339.318;0.7046362737828131;0.6412114413180277;0.9834567191811073;0.01580810546875;0.0;0.0;0
Tidak_Sehat515.jpg;8.082.427.711.730.390;0.7116356111650841;0.6417317957896796;0.9866134704111564;0.01580810546875;0.0;0.0;0
Tidak_Sehat516.jpg;7.325.763.570.277.080;0.7904288099856958;0.7325569993751914;0.9862260560202571;0.0159912109375;0.0;0.0;0
Tidak_Sehat517.jpg;5.493.077.104.904.180;0.7957929341674501;0.7330351236021077;0.9896631627847188;0.0159912109375;0.0;0.0;0
Tidak_Sehat518.jpg;7.326.764.710.821.040;0.7905935619208918;0.7327380657512035;0.9862264469362767;0.01605224609375;0.0;0.0;0
Tidak_Sehat519.jpg;5.494.082.378.789.730;0.7959963349305997;0.7331341062182276;0.989662978894949;0.01605224609375;0.0;0.0;0
Tidak_Sehat52.jpg;11.007.188.833.649.100;0.3863363359307084;0.20247658575406277;0.9861979840866705;0.01263427734375;0.0;0.0;0
Tidak_Sehat520.jpg;9.343.807.479.281.580;0.7223072342301641;0.6533726520380467;0.9863650870900197;0.01470947265625;0.0;0.0;0
Tidak_Sehat521.jpg;11.677.587.213.507.600;0.7154517816818436;0.6527290572661609;0.9829683778929228;0.01470947265625;0.0;0.0;0
Tidak_Sehat522.jpg;9.168.889.790.904.540;0.7398631597674598;0.6695494798994978;0.9869826137364778;0.013671875;0.0;0.0;0
Tidak_Sehat523.jpg;11.528.011.042.480.300;0.7333778452263484;0.6690898206079251;0.9836426934625138;0.013671875;0.0;0.0;0
Tidak_Sehat524.jpg;6.765.826.161.339.770;0.8036341948470325;0.7302454118170516;0.9883121878864146;0.01605224609375;0.0;0.0;0
Tidak_Sehat525.jpg;7.948.383.459.787.670;0.8005375521553079;0.7302022400587166;0.9862759862766426;0.01605224609375;0.0;0.0;0
Tidak_Sehat526.jpg;13.512.470.146.294.700;0.5649192020893755;0.4334687258252681;0.9831326904888256;0.0394287109375;0.0;0.0;0
Tidak_Sehat527.jpg;11.236.437.327.562.300;0.566370288687525;0.4339269421198834;0.9859724029448897;0.0394287109375;0.0;0.0;0
Tidak_Sehat528.jpg;12.362.380.326.844.000;0.6282947813882267;0.49355977933017553;0.9897097536441043;0.03851318359375;0.004852294921875;1.0;0
Tidak_Sehat529.jpg;16.555.093.245.603.000;0.6212913008192927;0.49261773319614405;0.9862222611622934;0.03851318359375;0.004852294921875;1.0;0
Tidak_Sehat53.jpg;10.972.542.583.106.500;0.39179380234847844;0.19691240248979092;0.9864790312845196;0.012451171875;0.0;0.0;0
Tidak_Sehat530.jpg;12.364.780.861.853.400;0.627703474475387;0.49345636500192946;0.9897085724361038;0.038330078125;0.004852294921875;1.0;0
Tidak_Sehat531.jpg;12.008.998.946.643.700;0.654624289643819;0.5368736013530878;0.9903341978448165;0.03070068359375;0.004486083984375;1.0;0
Tidak_Sehat532.jpg;16.164.693.658.033.000;0.6438015282132097;0.5360691673157919;0.9869921167916115;0.03070068359375;0.004486083984375;1.0;0
Tidak_Sehat533.jpg;9.734.068.712.929.080;0.7534113928405768;0.6783000382706889;0.9905532161183087;0.03240966796875;0.00396728515625;2.0;0
Tidak_Sehat534.jpg;13.028.862.769.183.700;0.7444612772003207;0.6776117924454504;0.9873632055406567;0.03240966796875;0.00396728515625;2.0;0
Tidak_Sehat535.jpg;11.416.309.536.265.200;0.5314760696297228;0.40514412022054985;0.9826480398409773;0.02789306640625;0.0;0.0;0
Tidak_Sehat536.jpg;8.601.995.774.304.310;0.5424882719201937;0.4063211322884772;0.9869256054604653;0.02789306640625;0.0;0.0;0
Tidak_Sehat537.jpg;11.102.310.182.745.200;0.6040187633529571;0.5017926650954577;0.9853415081522927;0.03082275390625;0.0015869140625;1.0;0
Tidak_Sehat538.jpg;787.147.132.106.761;0.6137664974204726;0.5026323399364617;0.9896039341276645;0.03082275390625;0.0015869140625;1.0;0
Tidak_Sehat539.jpg;9.028.676.252.144.160;0.5977944904303449;0.4749437741112316;0.9904935914618936;0.0338134765625;0.001068115234375;1.0;0
Tidak_Sehat54.jpg;11.805.181.660.363.200;0.6519768865528565;0.5486085568061868;0.9863919549540724;0.0064697265625;0.01776123046875;3.0;0
Tidak_Sehat540.jpg;12.693.772.249.002.700;0.5932408580843916;0.47370071040543066;0.9866370541920929;0.0338134765625;0.001068115234375;1.0;0
Tidak_Sehat541.jpg;11.860.429.728.672.300;0.5198614768749517;0.37532905815521794;0.9866507938106902;0.03082275390625;0.001373291015625;1.0;0
Tidak_Sehat542.jpg;1.558.590.971.296.590;0.5083600740487565;0.3743779401523912;0.982454820159688;0.03082275390625;0.001373291015625;1.0;0
Tidak_Sehat543.jpg;12.293.476.408.307.400;0.5188896009424707;0.3775637541096332;0.9860605991368009;0.0267333984375;0.001434326171875;1.0;0
Tidak_Sehat544.jpg;15.768.736.292.160.700;0.5058941773252704;0.3767155332149145;0.9821174232596648;0.0267333984375;0.001434326171875;1.0;0
Tidak_Sehat545.jpg;8.333.803.387.919.260;0.674455294577013;0.5760102235223421;0.9916485286011013;0.02484130859375;0.0008544921875;1.0;0
Tidak_Sehat546.jpg;13.218.028.489.702.600;0.6634360298191018;0.5744535989996482;0.9867625401261542;0.02484130859375;0.0008544921875;1.0;0
Tidak_Sehat547.jpg;7.995.104.573.542.440;0.6850502176922634;0.6006485246272112;0.9909644227150016;0.02313232421875;0.00128173828125;1.0;0
Tidak_Sehat548.jpg;12.281.264.079.194.600;0.6771351943700883;0.5992810521840047;0.986131609344846;0.02313232421875;0.00128173828125;1.0;0
Tidak_Sehat549.jpg;8.870.561.566.123.140;0.6581714834219866;0.5557283965253319;0.9909545789962556;0.03082275390625;0.0;0.0;0
Tidak_Sehat55.jpg;10.915.849.847.324.500;0.6514654075675176;0.5490572298274705;0.987431496472731;0.0081787109375;0.018310546875;3.0;0
Tidak_Sehat550.jpg;8.343.323.410.084.290;0.606086753036645;0.49091301419620836;0.9895674349708355;0.0335693359375;0.002899169921875;2.0;0
Tidak_Sehat551.jpg;11.040.312.270.728.600;0.5985803084807437;0.48983010543370714;0.9861984714948813;0.0335693359375;0.002899169921875;2.0;0
Tidak_Sehat552.jpg;8.346.722.905.945.780;0.6061369474090302;0.49189308118377895;0.9895632736775988;0.03265380859375;0.002899169921875;2.0;0
Tidak_Sehat553.jpg;11.043.839.900.179.700;0.5990065103407801;0.490647359038876;0.9861941799690935;0.03265380859375;0.002899169921875;2.0;0
Tidak_Sehat554.jpg;7.240.855.304.627.250;0.6551447925316739;0.5570304585323985;0.9874376570836724;0.01580810546875;0.0;0.0;0
Tidak_Sehat555.jpg;80.337.046.236.592;0.6541358630166446;0.5562251305853975;0.9860643562215072;0.01580810546875;0.0;0.0;0
Tidak_Sehat556.jpg;7.242.011.946.003.030;0.6548950558174919;0.5562952053415487;0.9874379608377902;0.01519775390625;0.0;0.0;0
Tidak_Sehat557.jpg;8.035.320.065.952.580;0.653972803924014;0.5554687011553363;0.9860641176685195;0.01519775390625;0.0;0.0;0
Tidak_Sehat558.jpg;804.582.781.144.728;0.5934680904320823;0.47357206344890374;0.9858233039039801;0.02349853515625;0.0;0.0;0
Tidak_Sehat559.jpg;7.765.190.450.172.530;0.5959562425382783;0.47308134163951626;0.9863174719085772;0.02349853515625;0.0;0.0;0
Tidak_Sehat56.jpg;11.015.230.847.128.200;0.6524153276901546;0.5497417080570145;0.9872714963922108;0.00738525390625;0.0185546875;3.0;0
Tidak_Sehat560.jpg;804.619.496.843.161;0.5933760565092757;0.4726161844576111;0.9858232991097778;0.02362060546875;0.0;0.0;0
Tidak_Sehat561.jpg;7.767.157.210.356.080;0.5957890039077579;0.47190059848006854;0.9863146279678698;0.02362060546875;0.0;0.0;0
Tidak_Sehat562.jpg;11.764.417.434.564.400;0.5316681721373919;0.3998147890198335;0.9862296367547967;0.0501708984375;0.003265380859375;1.0;0
Tidak_Sehat563.jpg;11.376.767.423.326.400;0.6908981327703393;0.613942217412119;0.9872219857733836;0.028076171875;0.0;0.0;0
Tidak_Sehat564.jpg;11.125.473.687.405.700;0.6142810196704863;0.4764430437262417;0.986438053130252;0.03570556640625;0.0;0.0;0
Tidak_Sehat565.jpg;11.526.221.919.110.400;0.6063511418043831;0.47501438789767975;0.9859505678705447;0.03515625;0.0;0.0;0
Tidak_Sehat566.jpg;12.328.764.295.549.300;0.614581039878756;0.5027156448243182;0.9838563729851533;0.03228759765625;0.0;0.0;0
Tidak_Sehat567.jpg;1.000.893.458.922.330;0.6177330741306464;0.5031756297291293;0.9868909204524873;0.03228759765625;0.0;0.0;0
Tidak_Sehat568.jpg;850.114.869.760.984;0.6520191604135318;0.5557893199416165;0.9864967510707534;0.01202392578125;0.0;0.0;0
Tidak_Sehat569.jpg;6.897.011.222.668.250;0.6591210395959015;0.556952458045345;0.9890415989389173;0.01202392578125;0.0;0.0;0
Tidak_Sehat57.jpg;10.806.008.038.057.600;0.6413983901397099;0.5252590164152872;0.9880656452233194;0.00555419921875;0.017547607421875;2.0;0
Tidak_Sehat570.jpg;8.503.520.638.291.220;0.6520137587718612;0.554645069091522;0.9864946522343709;0.01202392578125;0.0;0.0;0
Tidak_Sehat571.jpg;6.898.308.494.533.620;0.6589706999066656;0.5557259065598021;0.9890408908500231;0.01202392578125;0.0;0.0;0
Tidak_Sehat572.jpg;9.249.424.060.827.220;0.6475970579196227;0.5501883582805007;0.9854163562965083;0.0123291015625;0.001434326171875;1.0;0
Tidak_Sehat573.jpg;73.846.463.312.718;0.6530030784704489;0.5513092610005573;0.9883528292929021;0.0123291015625;0.001434326171875;1.0;0
Tidak_Sehat574.jpg;9.249.909.647.735.890;0.6483013894143669;0.5503303874242143;0.9854151400037102;0.01214599609375;0.001434326171875;1.0;0
Tidak_Sehat575.jpg;7.383.081.780.746.860;0.6537888177622856;0.5514717432763293;0.9883549327916761;0.01214599609375;0.001434326171875;1.0;0
Tidak_Sehat576.jpg;7.596.173.332.971.620;0.682187510739379;0.5934216280529416;0.9862426240650716;0.01068115234375;0.0;0.0;0
Tidak_Sehat577.jpg;590.001.527.398.886;0.6879764403787322;0.5942108965345946;0.9893104542443648;0.01068115234375;0.0;0.0;0
Tidak_Sehat578.jpg;7.599.170.199.382.010;0.6820754848499516;0.5936673590505274;0.9862373364560254;0.01025390625;0.0;0.0;0
Tidak_Sehat579.jpg;5.901.511.737.398.440;0.6877551510340218;0.5944771948310131;0.989307851939409;0.01025390625;0.0;0.0;0
Tidak_Sehat58.jpg;10.934.872.938.495.700;0.6458682344971239;0.5301435056537194;0.987854452158419;0.00506591796875;0.01727294921875;2.0;0
Tidak_Sehat580.jpg;6.663.678.551.315.390;0.7346439330559044;0.654262573174989;0.9865804324170941;0.007568359375;0.0;0.0;0
Tidak_Sehat581.jpg;5.832.723.956.072.870;0.7356975885148692;0.6544713114542434;0.9882507915267812;0.007568359375;0.0;0.0;0
Tidak_Sehat582.jpg;6.666.258.999.705.450;0.7349675456644224;0.6559389845901309;0.9865766443988536;0.00775146484375;0.0;0.0;0
Tidak_Sehat583.jpg;58.362.385.396.645.400;0.7360692720747318;0.6561271030461607;0.9882449522940645;0.00775146484375;0.0;0.0;0
Tidak_Sehat584.jpg;8.286.385.596.208.620;0.6974108968044165;0.6190873515431604;0.9850603391773692;0.00927734375;0.0;0.0;0
Tidak_Sehat585.jpg;650.844.110.698.634;0.7031697026666569;0.6202272102987382;0.9882601794453452;0.00927734375;0.0;0.0;0
Tidak_Sehat586.jpg;8.282.677.359.104.660;0.6976012745782243;0.6194551977778228;0.9850690222077305;0.00933837890625;0.0;0.0;0
Tidak_Sehat587.jpg;6.503.062.999.875.960;0.7032436751829031;0.6205340215780476;0.988271441413004;0.00933837890625;0.0;0.0;0
Tidak_Sehat588.jpg;8.541.230.631.419.520;0.6455594361298048;0.5452475683588134;0.9840613919083667;0.0147705078125;0.0;0.0;0
Tidak_Sehat589.jpg;7.127.140.069.905.090;0.6532344820412566;0.546206395832854;0.9866968822656261;0.0147705078125;0.0;0.0;0
Tidak_Sehat59.jpg;11.158.434.244.993.300;0.6474264121774134;0.5351792062813958;0.987667910487246;0.00469970703125;0.0177001953125;3.0;0
Tidak_Sehat590.jpg;853.784.532.777.392;0.6455695078047943;0.5455743586289826;0.9840646939334583;0.01483154296875;0.0;0.0;0
Tidak_Sehat591.jpg;7.120.725.026.866.650;0.6533154364447772;0.5465940968436072;0.9867063310882763;0.01483154296875;0.0;0.0;0
Tidak_Sehat592.jpg;7.447.563.395.126.730;0.6849055391672878;0.5968634319966469;0.9858278007958536;0.0084228515625;0.0;0.0;0
Tidak_Sehat593.jpg;7.229.021.224.709.060;0.6891646800327659;0.5972580142648766;0.986242923033923;0.0084228515625;0.0;0.0;0
Tidak_Sehat594.jpg;7.447.303.317.523.240;0.6849951734983586;0.5950487955347284;0.9858266477397217;0.0081787109375;0.0;0.0;0
Tidak_Sehat595.jpg;722.935.634.829.599;0.689120063620047;0.5953827623116662;0.9862406877285564;0.0081787109375;0.0;0.0;0
Tidak_Sehat596.jpg;8.533.676.465.269.800;0.5713471235179405;0.4350296723651348;0.9869607714735923;0.01116943359375;0.0;0.0;0
Tidak_Sehat597.jpg;977.360.454.512.597;0.5689255936628809;0.4344883096641734;0.9850661935189587;0.01116943359375;0.0;0.0;0
Tidak_Sehat598.jpg;8.525.103.462.707.120;0.5714337933955168;0.4339750313250324;0.9869717501947953;0.0113525390625;0.0;0.0;0
Tidak_Sehat599.jpg;9.760.373.266.580.080;0.5683755324164216;0.43324977156391653;0.9850839816359138;0.0113525390625;0.0;0.0;0
Tidak_Sehat6.jpg;9.804.014.976.259.050;0.6620962835488177;0.5663946744289885;0.9914307968522529;0.00555419921875;0.08251953125;4.0;0
Tidak_Sehat60.jpg;14.397.037.911.783.900;0.7704509627258366;0.7166315600214016;0.9784023717476588;0.01129150390625;0.02166748046875;2.0;0
Tidak_Sehat600.jpg;10.347.169.597.464.100;0.6279936378600576;0.5187502662536322;0.9868614430828111;0.0125732421875;0.00189208984375;1.0;0
Tidak_Sehat601.jpg;9.029.763.240.255.590;0.6392584525341211;0.5226100938094264;0.9897806163719988;0.01837158203125;0.0;0.0;0
Tidak_Sehat602.jpg;11.094.569.903.202.100;0.6323245828385692;0.5213649210525348;0.9874465999015989;0.01837158203125;0.0;0.0;0
Tidak_Sehat603.jpg;9.027.786.711.823.350;0.6389303106937837;0.5222639118028245;0.9897820706928792;0.018798828125;0.0;0.0;0
Tidak_Sehat604.jpg;1.109.353.990.999.630;0.6321623992712709;0.5209982211324832;0.9874468077552484;0.018798828125;0.0;0.0;0
Tidak_Sehat605.jpg;9.363.140.700.239.680;0.7132930532764017;0.6279256045539765;0.9892131665838875;0.01611328125;0.0006103515625;1.0;0
Tidak_Sehat606.jpg;9.691.195.756.349.770;0.7095218726184638;0.6276958989215431;0.9888358729242194;0.01611328125;0.0006103515625;1.0;0
Tidak_Sehat607.jpg;9.358.477.047.683.210;0.712911609390302;0.6283756600565678;0.9892199630730182;0.01605224609375;0.0006103515625;1.0;0
Tidak_Sehat608.jpg;9.684.804.367.004.490;0.7092983720349416;0.6281457740365659;0.9888447056950062;0.01605224609375;0.0006103515625;1.0;0
Tidak_Sehat609.jpg;9.552.914.683.954.300;0.7232447796120537;0.6362657820488303;0.9889376394564159;0.0164794921875;0.001220703125;2.0;0
Tidak_Sehat61.jpg;12.581.251.679.169.800;0.7684981074852663;0.7174498137970496;0.9815413557615842;0.010986328125;0.02105712890625;2.0;0
Tidak_Sehat610.jpg;8.213.257.337.972.960;0.7232885319267774;0.6366984248918235;0.9904863985879507;0.0164794921875;0.001220703125;2.0;0
Tidak_Sehat611.jpg;9.548.777.257.450.280;0.723436307071506;0.6353257990203085;0.9889419900646113;0.01629638671875;0.001220703125;2.0;0
Tidak_Sehat612.jpg;8.207.375.641.313.740;0.7233305777554101;0.6357174177059867;0.9904928307194899;0.01629638671875;0.001220703125;2.0;0
Tidak_Sehat613.jpg;9.068.903.660.203.080;0.727449867883878;0.6410764636633622;0.9892981883506374;0.01690673828125;0.0;0.0;0
Tidak_Sehat614.jpg;7.231.062.917.854.970;0.7274257747282934;0.6419214379584158;0.991463497674005;0.01690673828125;0.0;0.0;0
Tidak_Sehat615.jpg;906.190.781.808.641;0.7270596100756849;0.6400317352528878;0.9893053516727798;0.01690673828125;0.0;0.0;0
Tidak_Sehat616.jpg;7.226.418.947.108.700;0.7271864498475723;0.640774039539576;0.9914681113313025;0.01690673828125;0.0;0.0;0
Tidak_Sehat617.jpg;9.535.581.838.871.950;0.6925561633994861;0.5959154807829683;0.9901004105973391;0.0164794921875;0.002716064453125;2.0;0
Tidak_Sehat618.jpg;9.601.913.704.869.000;0.6893367862523726;0.5958086891265914;0.9900316321842225;0.0164794921875;0.002716064453125;2.0;0
Tidak_Sehat619.jpg;9.537.948.709.751.540;0.6919376554934987;0.5957913421983836;0.9900991033339439;0.01605224609375;0.002716064453125;2.0;0
Tidak_Sehat62.jpg;11.889.624.101.643.800;0.7665740011488733;0.7109044891040655;0.9822376155639176;0.01171875;0.022125244140625;2.0;0
Tidak_Sehat620.jpg;9.603.305.107.130.980;0.6887495047899099;0.5957052800278019;0.9900313441850829;0.01605224609375;0.002716064453125;2.0;0
Tidak_Sehat621.jpg;8.746.992.897.110.730;0.6127245436108798;0.5046717050457229;0.9882180337342912;0.01568603515625;0.001495361328125;1.0;0
Tidak_Sehat622.jpg;9.653.798.444.055.130;0.6118989000295963;0.5042795390240254;0.98699781758796;0.01568603515625;0.001495361328125;1.0;0
Tidak_Sehat623.jpg;8.736.805.065.797.570;0.6124511865407191;0.5043239484141582;0.9882303874620687;0.01580810546875;0.001495361328125;1.0;0
Tidak_Sehat624.jpg;9.643.585.812.692.380;0.6115741952355259;0.5038905866163166;0.9870100630490786;0.01580810546875;0.001495361328125;1.0;0
Tidak_Sehat625.jpg;8.382.974.620.636.690;0.6083650552005683;0.5015475396500905;0.9849106474456931;0.017822265625;0.00128173828125;1.0;0
Tidak_Sehat626.jpg;7.922.231.032.482.840;0.6142176737222341;0.5020913416885423;0.9857392598963223;0.017822265625;0.00128173828125;1.0;0
Tidak_Sehat627.jpg;8.390.611.986.432.260;0.6085019583622354;0.5023204538860895;0.9848973352151259;0.0184326171875;0.00128173828125;1.0;0
Tidak_Sehat628.jpg;7.931.091.867.392.020;0.6143582867556568;0.5029458052394161;0.9857237235107551;0.0184326171875;0.00128173828125;1.0;0
Tidak_Sehat629.jpg;8.857.594.627.689.170;0.659724218563142;0.5727359763495202;0.9855111570094319;0.01300048828125;0.00115966796875;1.0;0
Tidak_Sehat63.jpg;9.153.159.035.484.650;0.7485046425901009;0.6580248317352156;0.9895917461314814;0.0018310546875;0.00946044921875;2.0;0
Tidak_Sehat630.jpg;7.277.186.666.873.270;0.6658969458470109;0.5736320658176213;0.9880924610346197;0.01300048828125;0.00115966796875;1.0;0
Tidak_Sehat631.jpg;8.858.311.665.581.590;0.6592175606244903;0.5726110980905038;0.9855110250982088;0.0128173828125;0.00115966796875;1.0;0
Tidak_Sehat632.jpg;6.940.422.159.490.110;0.6958394980314561;0.6177428151688661;0.9886804251567439;0.01336669921875;0.001068115234375;1.0;0
Tidak_Sehat633.jpg;9.574.849.859.595.520;0.613871385852591;0.5004237708675814;0.9881152013366918;0.013671875;0.00115966796875;1.0;0
Tidak_Sehat634.jpg;10.012.269.001.100.400;0.6152843250278351;0.5002628938440412;0.987572720378024;0.013671875;0.00115966796875;1.0;0
Tidak_Sehat635.jpg;9.577.068.624.449.710;0.6136220428979943;0.5001383266369975;0.9881117435405976;0.01318359375;0.00115966796875;1.0;0
Tidak_Sehat636.jpg;10.014.132.298.577.000;0.6149298170214572;0.5000585668940773;0.987569671449525;0.01318359375;0.00115966796875;1.0;0
Tidak_Sehat637.jpg;833.710.767.161.111;0.7357880122210546;0.6723108612265628;0.9857081425347061;0.01324462890625;0.0;0.0;0
Tidak_Sehat638.jpg;6.827.892.386.513.890;0.7386605582261837;0.67301471286202;0.9882897905849349;0.01324462890625;0.0;0.0;0
Tidak_Sehat639.jpg;7.825.825.086.025.120;0.7181556316056295;0.644573893837001;0.9866689764484583;0.0093994140625;0.001068115234375;1.0;0
Tidak_Sehat64.jpg;9.732.071.598.518.080;0.7474775164256683;0.6628256737830629;0.9890301750274598;0.0015869140625;0.01007080078125;1.0;0
Tidak_Sehat640.jpg;644.761.606.294.043;0.719700884118076;0.6451947491078142;0.9890135418427285;0.0093994140625;0.001068115234375;1.0;0
Tidak_Sehat641.jpg;9.916.266.636.699.850;0.5900849527664103;0.48065762859171235;0.9851980127140751;0.010498046875;0.001251220703125;1.0;0
Tidak_Sehat642.jpg;8.337.024.278.215.180;0.5978562015332162;0.48184304622791324;0.987554079951399;0.010498046875;0.001251220703125;1.0;0
Tidak_Sehat643.jpg;991.224.056.823.104;0.5901440662939396;0.47961642835306223;0.9852033727401132;0.010498046875;0.001251220703125;1.0;0
Tidak_Sehat644.jpg;8.331.836.740.756.770;0.5977690263139864;0.4807409575661071;0.9875612780196902;0.010498046875;0.001251220703125;1.0;0
Tidak_Sehat645.jpg;5.557.333.904.251.110;0.81225487040156;0.7662468474699287;0.984171708037343;0.00531005859375;0.0;0.0;0
Tidak_Sehat646.jpg;4.425.980.441.544.190;0.8177095742842768;0.7671786076221102;0.9873852197416481;0.00531005859375;0.0;0.0;0
Tidak_Sehat647.jpg;6.856.796.715.155.850;0.6666618621239448;0.5729261729758187;0.9847688436689817;0.0098876953125;0.0;0.0;0
Tidak_Sehat648.jpg;5.730.428.062.418.570;0.6742871124558919;0.5739653549675457;0.9872670124986861;0.0098876953125;0.0;0.0;0
Tidak_Sehat649.jpg;7.523.652.514.492.460;0.6672320147799189;0.5744537079019679;0.986220064461712;0.010986328125;0.0;0.0;0
Tidak_Sehat65.jpg;1.120.886.149.688.950;0.7473300647153492;0.6662649148093168;0.9872322924473496;0.00189208984375;0.0103759765625;1.0;0
Tidak_Sehat650.jpg;719.534.532.454.476;0.6717321593455466;0.5749123222676992;0.9868204019291605;0.010986328125;0.0;0.0;0
Tidak_Sehat651.jpg;7.518.408.143.587.060;0.66675355829388;0.57420582897845;0.9862318827185771;0.010986328125;0.0;0.0;0
Tidak_Sehat652.jpg;7.191.849.357.136.160;0.671367644767123;0.5747666017214538;0.9868289270867286;0.010986328125;0.0;0.0;0
Tidak_Sehat653.jpg;7.844.599.240.240.070;0.6649934277308005;0.572343628252831;0.9878528894772453;0.01318359375;0.0;0.0;0
Tidak_Sehat654.jpg;8.400.459.285.293.510;0.6657581490793554;0.5720141741095969;0.9869936043270561;0.01318359375;0.0;0.0;0
Tidak_Sehat655.jpg;8.239.618.741.216.600;0.6290221883706396;0.5091889629605874;0.9885027982835205;0.01788330078125;0.0;0.0;0
Tidak_Sehat656.jpg;993.134.999.134.575;0.6255411461238407;0.5084408517568771;0.9861452856171734;0.01788330078125;0.0;0.0;0
Tidak_Sehat657.jpg;86.333.699.521.565;0.6624349197072027;0.5668952694415726;0.9865107949696929;0.0128173828125;0.0;0.0;0
Tidak_Sehat658.jpg;8.588.316.528.716.310;0.6638768955863378;0.5668152581187055;0.9865810721535028;0.0128173828125;0.0;0.0;0
Tidak_Sehat659.jpg;863.745.603.480.783;0.662487193617742;0.5665128693123088;0.9865063239933775;0.01275634765625;0.0;0.0;0
Tidak_Sehat66.jpg;10.534.679.511.025.500;0.7820403483771398;0.6958112224100517;0.988901166987526;0.00164794921875;0.05841064453125;2.0;0
Tidak_Sehat660.jpg;8.592.782.878.794.850;0.6639914725316008;0.5663306500034851;0.9865759981219037;0.01275634765625;0.0;0.0;0
Tidak_Sehat661.jpg;9.861.915.422.789.410;0.5694391599718673;0.43606078338438053;0.9883231503050038;0.018798828125;0.0;0.0;0
Tidak_Sehat662.jpg;11.391.326.214.944.300;0.5680357328656398;0.4352140998551732;0.9865122072985605;0.018798828125;0.0;0.0;0
Tidak_Sehat663.jpg;9.856.242.379.151.670;0.5693931618806545;0.43587795453963435;0.9883296550360895;0.01806640625;0.0;0.0;0
Tidak_Sehat664.jpg;11.388.372.910.079.300;0.5678381399500306;0.43492904660508397;0.9865154581038552;0.01806640625;0.0;0.0;0
Tidak_Sehat665.jpg;9.872.514.214.820.140;0.58173339621073;0.4513928224782317;0.9882965255608571;0.01904296875;0.0;0.0;0
Tidak_Sehat666.jpg;11.843.584.956.961.600;0.5777151240186004;0.4505212811300612;0.9859608156544232;0.01904296875;0.0;0.0;0
Tidak_Sehat667.jpg;9.866.521.967.418.960;0.5817034001830436;0.45120989479366197;0.9883033848219175;0.0194091796875;0.0;0.0;0
Tidak_Sehat668.jpg;11.839.093.112.561.200;0.5775885783838456;0.4503592212746101;0.9859658478179477;0.0194091796875;0.0;0.0;0
Tidak_Sehat669.jpg;8.736.032.034.043.480;0.5525669861102266;0.4063464333917968;0.9889280665102516;0.02252197265625;0.0006103515625;1.0;0
Tidak_Sehat67.jpg;9.447.645.480.707.550;0.7788338240119801;0.6892415519003564;0.9900712512030151;0.0023193359375;0.05755615234375;2.0;0
Tidak_Sehat670.jpg;9.711.017.050.680.190;0.5528499742465963;0.4061612129749859;0.9876920910438217;0.02252197265625;0.0006103515625;1.0;0
Tidak_Sehat671.jpg;8.734.721.538.714.150;0.5523882343870145;0.4060414046239447;0.9889295194690023;0.02203369140625;0.0006103515625;1.0;0
Tidak_Sehat672.jpg;9.708.805.486.882.060;0.5525142171777242;0.4057548555011558;0.9876946632445841;0.02203369140625;0.0006103515625;1.0;0
Tidak_Sehat673.jpg;8.694.981.154.545.910;0.5448382946804252;0.40205406438905683;0.9876161901830325;0.02130126953125;0.0;0.0;0
Tidak_Sehat674.jpg;8.914.564.927.046.780;0.5465608098409005;0.4019946156186673;0.987303232434893;0.02130126953125;0.0;0.0;0
Tidak_Sehat675.jpg;869.237.513.110.469;0.5449785385610352;0.4022962506978012;0.9876197724851465;0.021240234375;0.0;0.0;0
Tidak_Sehat676.jpg;8.906.403.692.495.150;0.5465489391868037;0.402216745497618;0.987314729239877;0.021240234375;0.0;0.0;0
Tidak_Sehat677.jpg;8.646.506.244.575.230;0.5654714620345943;0.4298797089769337;0.985577269656224;0.01513671875;0.0;0.0;0
Tidak_Sehat678.jpg;8.414.175.246.579.910;0.5691034301832875;0.4304815700380778;0.9859648355753624;0.01513671875;0.0;0.0;0
Tidak_Sehat679.jpg;8.650.279.355.767.270;0.5661148891937352;0.43187577600448535;0.9855722490659854;0.0155029296875;0.0;0.0;0
Tidak_Sehat68.jpg;9.202.831.338.995.940;0.783311314700544;0.6953028367296666;0.9902194567257231;0.00177001953125;0.0582275390625;2.0;0
Tidak_Sehat680.jpg;8.419.452.894.114.350;0.5699301464255845;0.4324776502143168;0.9859572712079864;0.0155029296875;0.0;0.0;0
Tidak_Sehat681.jpg;8.976.694.621.618.360;0.6054606064373139;0.49438409335271327;0.985366590025548;0.013427734375;0.0;0.0;0
Tidak_Sehat682.jpg;7.697.148.462.526.070;0.6128728096328214;0.4956317197125315;0.9874510547950895;0.013427734375;0.0;0.0;0
Tidak_Sehat683.jpg;8.978.518.749.224.950;0.6054278753409484;0.4938531456494315;0.9853620171879989;0.0133056640625;0.0;0.0;0
Tidak_Sehat684.jpg;769.700.511.953.107;0.6125090501874949;0.49501881891764593;0.9874499148802881;0.0133056640625;0.0;0.0;0
Tidak_Sehat685.jpg;4.128.390.664.072.970;0.8606674781465719;0.8245951354954109;0.9858131285091943;0.0064697265625;0.0;0.0;0
Tidak_Sehat686.jpg;5.447.195.301.682.230;0.8572019804161582;0.8236244667490666;0.981298798307329;0.0064697265625;0.0;0.0;0
Tidak_Sehat687.jpg;25.513.835.715.171.200;0.8865573981411389;0.8427430636518084;0.9820671010106362;0.0025634765625;0.0;0.0;0
Tidak_Sehat688.jpg;2.534.779.938.309.860;0.8863003951909644;0.8426169276388702;0.9821833921589267;0.0025634765625;0.0;0.0;0
Tidak_Sehat689.jpg;25.525.980.312.377.100;0.8866679087962513;0.8427029506017977;0.9820640293089989;0.0025634765625;0.0;0.0;0
Tidak_Sehat69.jpg;544.736.260.514.181;0.8554088316543673;0.8195313976716451;0.9880165282732113;0.01910400390625;0.013885498046875;3.0;0
Tidak_Sehat690.jpg;25.362.299.985.016.400;0.8863145476123618;0.8425767184195182;0.9821786353985859;0.0025634765625;0.0;0.0;0
Tidak_Sehat691.jpg;28.437.785.135.986.700;0.8917410794453561;0.8607818945778242;0.9815652438871872;0.00274658203125;0.0;0.0;0
Tidak_Sehat692.jpg;26.948.128.823.340.700;0.8916071855024796;0.8606176826940567;0.982527575943766;0.00274658203125;0.0;0.0;0
Tidak_Sehat693.jpg;28.404.321.214.892.200;0.8917613708390624;0.8606592781286752;0.9815798589067596;0.0028076171875;0.0;0.0;0
Tidak_Sehat694.jpg;2.693.405.027.435.030;0.8918616557086709;0.8606591494235394;0.9825300319556369;0.0028076171875;0.0;0.0;0
Tidak_Sehat695.jpg;28.396.321.261.392.200;0.8939404526069179;0.8649264801537905;0.9815892321371787;0.00299072265625;0.0;0.0;0
Tidak_Sehat696.jpg;25.904.701.611.486.300;0.8942325131449153;0.8650707691286627;0.9831991885792563;0.00299072265625;0.0;0.0;0
Tidak_Sehat697.jpg;28.404.354.152.458.000;0.8938122741085469;0.8644554174366652;0.9815916535888934;0.00286865234375;0.0;0.0;0
Tidak_Sehat698.jpg;25.909.841.163.432.100;0.8941382315075614;0.8645172857562345;0.9832028121285279;0.00286865234375;0.0;0.0;0
Tidak_Sehat699.jpg;2.853.881.110.887.200;0.8975240349175114;0.869816183645315;0.981485494176086;0.00274658203125;0.0;0.0;0
Tidak_Sehat7.jpg;14.204.224.711.053.400;0.5998471152747534;0.48392588695571054;0.9896334199926612;0.0008544921875;0.089599609375;3.0;0
Tidak_Sehat70.jpg;57.517.669.712.422.000;0.8532011881093874;0.8190630000648705;0.9872696088848447;0.02154541015625;0.013519287109375;3.0;0
Tidak_Sehat700.jpg;26.369.178.769.607.400;0.8980914888132282;0.8699399514703575;0.9828882055880676;0.00274658203125;0.0;0.0;0
Tidak_Sehat701.jpg;2.853.208.409.541.800;0.8973569607187741;0.8697952203650114;0.9814949918818779;0.00286865234375;0.0;0.0;0
Tidak_Sehat702.jpg;26.369.354.436.625.300;0.8980779388092976;0.8700012373149932;0.9828928520509989;0.00286865234375;0.0;0.0;0
Tidak_Sehat703.jpg;28.552.625.834.418.100;0.8957446885906165;0.868295994198364;0.9819308358631428;0.00250244140625;0.0;0.0;0
Tidak_Sehat704.jpg;26.561.016.517.866.100;0.8961102962845843;0.8684399525394962;0.9831868624539016;0.00250244140625;0.0;0.0;0
Tidak_Sehat705.jpg;28.561.319.091.387.900;0.89571248067939;0.8689319530602031;0.981928544058278;0.0028076171875;0.0;0.0;0
Tidak_Sehat706.jpg;26.565.659.100.068.000;0.895950876370495;0.8689938879025707;0.9831869018703084;0.0028076171875;0.0;0.0;0
Tidak_Sehat707.jpg;27.194.759.827.019.400;0.8975329716343948;0.8710308774958352;0.9825878170458952;0.00311279296875;0.0;0.0;0
Tidak_Sehat708.jpg;28.033.125.503.750.800;0.8977014443277301;0.870906825475389;0.9820529800523271;0.00311279296875;0.0;0.0;0
Tidak_Sehat709.jpg;9.484.332.391.060.620;0.6296806275559943;0.4946244455726044;0.990916815783395;0.0343017578125;0.0;0.0;0
Tidak_Sehat71.jpg;5.870.338.882.344.360;0.8532388762313552;0.8193879097043894;0.9872407944002987;0.02020263671875;0.013397216796875;3.0;0
Tidak_Sehat710.jpg;10.616.008.254.412.300;0.6331123566601883;0.49434444391611443;0.989833784712264;0.0343017578125;0.0;0.0;0
Tidak_Sehat711.jpg;9.479.697.171.373.500;0.629957051206754;0.4959863584062591;0.9909207935138239;0.03466796875;0.0;0.0;0
Tidak_Sehat712.jpg;10.614.088.640.156.400;0.6335324452756913;0.49576805879214403;0.9898351093187641;0.03466796875;0.0;0.0;0
Tidak_Sehat713.jpg;6.311.130.830.594.970;0.753163545040968;0.6693184652064894;0.9924654884517309;0.01318359375;0.0;0.0;0
Tidak_Sehat714.jpg;10.046.278.700.890.600;0.7493522681709806;0.6681167970323857;0.988019821777943;0.01318359375;0.0;0.0;0
Tidak_Sehat715.jpg;9.096.688.870.461.040;0.744842327247227;0.6536253775701115;0.9904372839394903;0.01776123046875;0.0;0.0;0
Tidak_Sehat716.jpg;14.477.305.694.194.600;0.7250902213327416;0.6336431531160408;0.9873102672655429;0.0135498046875;0.0;0.0;0
Tidak_Sehat717.jpg;8.721.813.516.543.730;0.7306109081491797;0.6353625345170008;0.9923466022649694;0.0135498046875;0.0;0.0;0
Tidak_Sehat718.jpg;9.862.161.792.552.760;0.62661011794374;0.4824151160065091;0.9909426198757011;0.03240966796875;0.0;0.0;0
Tidak_Sehat719.jpg;10.897.171.195.904.800;0.6306206581885699;0.48234173512933226;0.9899925781192334;0.03240966796875;0.0;0.0;0
Tidak_Sehat72.jpg;9.558.559.924.411.400;0.7463319785897241;0.6663091258482751;0.9903189454878691;0.01336669921875;0.061859130859375;5.0;0
Tidak_Sehat720.jpg;9.864.623.988.623.000;0.6268500099946844;0.4812786581139215;0.9909396794036356;0.0325927734375;0.0;0.0;0
Tidak_Sehat721.jpg;10.900.336.060.047.100;0.6306402776193308;0.4811432835499196;0.9899889214512084;0.0325927734375;0.0;0.0;0
Tidak_Sehat722.jpg;13.544.028.952.120.300;0.7016237103706185;0.5935852219593539;0.9891293189748387;0.0135498046875;0.00531005859375;1.0;0
Tidak_Sehat723.jpg;9.973.913.011.888.560;0.7015025563842666;0.5946150025437222;0.9919916919508204;0.0135498046875;0.00531005859375;1.0;0
Tidak_Sehat724.jpg;13.535.559.670.598.400;0.7014294010270447;0.5930527652429635;0.9891353650379028;0.0133056640625;0.005035400390625;1.0;0
Tidak_Sehat725.jpg;9.969.965.606.077.070;0.7013357369061914;0.5940003970636021;0.9919943076006189;0.0133056640625;0.005035400390625;1.0;0
Tidak_Sehat726.jpg;11.409.924.766.724.500;0.6386704599305629;0.49129895467904255;0.990794906032876;0.017822265625;0.0;0.0;0
Tidak_Sehat727.jpg;12.196.995.674.199.600;0.6423170345942024;0.49112733488109045;0.9901603199439931;0.017822265625;0.0;0.0;0
Tidak_Sehat728.jpg;1.180.026.713.334.670;0.6640490015519717;0.5130692973483805;0.9906991263921611;0.011962890625;0.0006103515625;1.0;0
Tidak_Sehat729.jpg;12.367.956.802.059.400;0.6665308949389909;0.5129764118522732;0.9902521820166187;0.011962890625;0.0006103515625;1.0;0
Tidak_Sehat73.jpg;10.838.903.495.515.100;0.7532003385262295;0.6765427993208822;0.9889245208126459;0.01324462890625;0.06402587890625;6.0;0
Tidak_Sehat730.jpg;7.773.085.923.776;0.6210320340633414;0.48705822148022143;0.9916566359288105;0.031005859375;0.0;0.0;0
Tidak_Sehat731.jpg;8.496.061.103.059.660;0.6253187330450883;0.486922551223362;0.9908811051257578;0.031005859375;0.0;0.0;0
Tidak_Sehat732.jpg;7.773.496.529.284.710;0.6200730905535581;0.48813754864152764;0.9916560461568041;0.0311279296875;0.0;0.0;0
Tidak_Sehat733.jpg;8.496.959.442.877.190;0.6243285513119606;0.48798122389068294;0.9908799783425462;0.0311279296875;0.0;0.0;0
Tidak_Sehat734.jpg;8.135.628.516.569.680;0.5760981431899792;0.44735061532080406;0.9906775137285462;0.03582763671875;0.0;0.0;0
Tidak_Sehat735.jpg;8.698.457.375.560.740;0.5811941059870775;0.4473611067084839;0.9900326933036715;0.03582763671875;0.0;0.0;0
Tidak_Sehat736.jpg;8.134.904.471.371.590;0.5756731625199867;0.4473719042941921;0.9906782871617753;0.035888671875;0.0;0.0;0
Tidak_Sehat737.jpg;869.947.346.717.628;0.5810596098119593;0.44742249406993145;0.9900314696633666;0.035888671875;0.0;0.0;0
Tidak_Sehat738.jpg;8.625.565.299.047.510;0.5763439229633771;0.43611736259741546;0.9905753870562096;0.0311279296875;0.0;0.0;0
Tidak_Sehat739.jpg;9.521.318.290.553.500;0.5795294025195721;0.4359187203769625;0.989596679463236;0.0311279296875;0.0;0.0;0
Tidak_Sehat74.jpg;11.643.502.806.797.100;0.7424718963667338;0.6659026531305179;0.9876274748410814;0.01275634765625;0.060546875;7.0;0
Tidak_Sehat740.jpg;8.633.119.109.988.470;0.576524955125441;0.43678491622596943;0.9905679911271759;0.03118896484375;0.0;0.0;0
Tidak_Sehat741.jpg;9.522.267.021.617.640;0.5801913185961486;0.4366469943239544;0.9895965889138423;0.03118896484375;0.0;0.0;0
Tidak_Sehat742.jpg;8.638.767.224.409.660;0.5752977102912866;0.44006682660336865;0.9905188388766123;0.02813720703125;0.0;0.0;0
Tidak_Sehat743.jpg;9.168.620.284.115.750;0.5788910547914597;0.4400749025857225;0.9899373274959021;0.02813720703125;0.0;0.0;0
Tidak_Sehat744.jpg;8.636.520.333.457.530;0.5748546099447994;0.4388286995304802;0.9905202969619671;0.02801513671875;0.0;0.0;0
Tidak_Sehat745.jpg;9.164.715.923.182.040;0.5781124350789715;0.4387752159331873;0.9899405430868592;0.02801513671875;0.0;0.0;0
Tidak_Sehat75.jpg;11.370.798.829.618.300;0.6774382672931422;0.5895553077887367;0.9877196528141198;0.00103759765625;0.039215087890625;2.0;0
Tidak_Sehat76.jpg;9.798.066.710.195.790;0.6843058342582445;0.5897042046666248;0.989367573530665;0.0015869140625;0.040069580078125;2.0;0
Tidak_Sehat77.jpg;10.957.872.401.161.300;0.7985865751633323;0.7348277480924047;0.9877560583335877;0.00103759765625;0.052947998046875;4.0;0
Tidak_Sehat78.jpg;8.748.757.414.181.430;0.7986654961788116;0.7376878585082133;0.9902432494168361;0.001220703125;0.05242919921875;4.0;0
Tidak_Sehat79.jpg;8.810.314.011.252.950;0.6146203020080555;0.5051076898113788;0.9893759198176989;0.00238037109375;0.0;0.0;0
Tidak_Sehat8.jpg;1.888.470.566.732.780;0.5802908170884855;0.4621377879214476;0.9862262555531043;0.00128173828125;0.09002685546875;3.0;0
Tidak_Sehat80.jpg;757.703.150.510.463;0.6189971283883245;0.5040109034427258;0.9908642858840166;0.001953125;0.0;0.0;0
Tidak_Sehat81.jpg;9.059.618.156.736.210;0.6100182575302279;0.49588267211544806;0.9890713212925837;0.00146484375;0.0;0.0;0
Tidak_Sehat82.jpg;9.846.829.404.075.370;0.7156968389124403;0.6359472772240534;0.9869444158663759;0.00701904296875;0.0006103515625;1.0;0
Tidak_Sehat83.jpg;11.642.656.731.146.600;0.7103333365193073;0.6222239067571557;0.9844661113772845;0.00677490234375;0.0;0.0;0
Tidak_Sehat84.jpg;10.278.834.449.335.300;0.7106750165340946;0.6283795358211611;0.9868217298625545;0.00469970703125;0.0;0.0;0
Tidak_Sehat85.jpg;10.900.370.127.823.400;0.6385859757736526;0.5263902569734823;0.985695139975734;0.0020751953125;0.0;0.0;0
Tidak_Sehat86.jpg;7.930.992.473.443.260;0.6361482681275564;0.521979694333614;0.9894858188645035;0.00115966796875;0.0;0.0;0
Tidak_Sehat87.jpg;1.093.177.209.271.070;0.6355244908581004;0.52317033598037;0.9854902843823409;0.00140380859375;0.0;0.0;0
Tidak_Sehat88.jpg;5.914.636.550.106.380;0.7084086541154665;0.6019863941936662;0.9918694122063912;0.00439453125;0.0;0.0;0
Tidak_Sehat89.jpg;4.597.594.185.292.520;0.708997895523205;0.6021471742391291;0.9937224924604912;0.00506591796875;0.0;0.0;0
Tidak_Sehat9.jpg;1.499.774.377.673.740;0.6020493328628955;0.4830124972592467;0.9890580930192376;0.0010986328125;0.088775634765625;3.0;0
Tidak_Sehat90.jpg;60.654.680.944.778.100;0.7041941360098036;0.5979195568537755;0.9917312637969019;0.0052490234375;0.0;0.0;0
Tidak_Sehat91.jpg;4.593.185.960.330.210;0.888774897302845;0.8542204863891473;0.9890044981591123;0.00164794921875;0.019989013671875;2.0;0
Tidak_Sehat92.jpg;51.061.151.820.219.800;0.882907585837887;0.8531035043675783;0.9878880932564847;0.0010986328125;0.0205078125;2.0;0
Tidak_Sehat93.jpg;4.644.248.681.205.640;0.8873962892310782;0.8544598082825963;0.9888112734843099;0.001708984375;0.019683837890625;2.0;0
Tidak_Sehat94.jpg;4.694.713.714.427.390;0.810716510385003;0.7482742038709361;0.9906397933377112;0.00213623046875;0.0;0.0;0
Tidak_Sehat95.jpg;7.379.259.602.269.120;0.8052966665137055;0.7473441201602316;0.9851968331241846;0.00250244140625;0.0;0.0;0
Tidak_Sehat96.jpg;7.165.732.337.714.590;0.806584029006595;0.748017215888329;0.9856314364917007;0.0025634765625;0.0;0.0;0
Tidak_Sehat97.jpg;10.396.175.109.017.200;0.5039198138515729;0.3615663405164446;0.9893437886246664;6,10E+04;0.0;0.0;0
Tidak_Sehat98.jpg;12.342.092.142.518.100;0.4993747931119857;0.3581356888361742;0.9873060244848402;0.00067138671875;0.0;0.0;0
Tidak_Sehat99.jpg;12.896.303.484.795;0.4961838326914383;0.35129090271026203;0.9867012388425932;0.000732421875;0.0;0.0;0
